question,top_retrieved_chunk,top_2_retrieved_chunk,top_3_retrieved_chunk
هل يحق لصاحب العمل الامتناع عن تدريب السعوديين؟,المادة الخامسة والأربعون : عقد التأهيل والتدريب عقد يلتزم بمقتضاه صاحب العمل بتأهيل أو تدريب شخص لإعداده في مهنة معينة.,المادة الخامسة والتسعون بعد المائة : يشترط في مفتش العمل عند ممارسته لعمله- بالإضافة إلى الشروط العامة في تعيين الموظفين- ما يأتي 1 - أن يكون متصفًا بالحياد التام. 2 - ألا تكون له أي صلة مباشرة أو غير مباشرة بالمنشآت التي يقوم بتفتيشها. 3 - أن يكون قد اجتاز فحصًا مسلكيًّا بعد قضائه فترة تدريب لا تقل عن تسعين يومًا.,المادة الرابعة والخمسون بعد المائة : يحق للمرأة العاملة عندما تعود إلى مزاولة عملها بعد إجازة الوضع أن تأخذ بقصد إرضاع مولودها فترة أو فترات للاستراحة لا تزيد في مجموعها على الساعة في اليوم الواحد، وذلك علاوة على فترات الراحة الممنوحة لجميع العمال، وتحسب هذه الفترة أو الفترات من ساعات العمل الفعلية، ولا يترتب عليها تخفيض الأجر.
هل توجد غرامة لمخالفة أحكام صندوق الموارد البشرية؟,"المادة الثانية والأربعون بعد المائتين : تم تعديل هذه المادة ونقلها لتكون (الثانية والثلاثين بعد المائتين) بموجب المرسوم الملكي رقم ( م/ 46) وتاريخ 5 / 6 / 1436 هـ ؛ بالنص الآتي ""المادة الثانية والثلاثون بعد المائتين يتم تحصيل الغرامات المقررة بموجب هذا النظام، وفقاً للإجراءات المتبعة في تحصيل الأموال العامة، وتؤول المبالغ إلى صندوق تنمية الموارد البشرية"".",المادة الخامسة والأربعون بعد المائة : يجوز لصاحب العمل بعد موافقة الوزير إنشاء صندوق للتوفير والادخار، على أن تكون مساهمة العمال فيه اختيارية. ويجب إعلان الأحكام المنظمة لكل ما يتصل بقواعد عمل هذا الصندوق.,المادة الرابعة : يجب على صاحب العمل والعامل عند تطبيق أحكام هذا النظام الالتزام بمقتضيات أحكام الشريعة الإسلامية.
هل يجب أن يكون عقد العمل مكتوباً؟,"المادة السادسة والأربعون : - صدر المرسوم الملكي رقم (م/44) وتاريخ 1446/2/8هـ، وذلك بالموافقة على تعديلات بعض مواد نظام العمل (ويعمل بها من تاريخ 1446/8/20هـ) وعدلت هذه المادة لتكون بالنص الآتي "" يجب أن يكون عقد التأهيل أو التدريب مكتوباً، وأن يحدد فيه نوع المهنة المتعاقد للتدريب عليها، ومقدار المكافأة التي تعطى للمتدرب في كل مرحلة، على ألا يكون تحديدها على أساس القطعة أو الإنتاج، ويجب أن تُبيَّن في العقد حقوق المتدرب وصاحب العمل وواجباتهما، وما إذا كان التأهيل أو التدريب في منشأة تتبع صاحب العمل أو لدى منشأة أخرى "".","المادة السابعة والثلاثون : - صدر المرسوم الملكي رقم (م/44) وتاريخ 1446/2/8هـ، وذلك بالموافقة على تعديلات بعض مواد نظام العمل (ويعمل بها من تاريخ 1446/8/20هـ) وعدلت هذه المادة لتكون بالنص الآتي ""يجب أن يكون عقد عمل غير السعودي مكتوباً ومحدد المدة. وإذا خلا العقد من بيان مدته تعد مدته (سنة) من تاريخ مباشرة العامل الفعلية، وإذا استمر العمل بعد انتهاء هذه المدة، عُدَّ متجدداً لمدة مماثلة"".","المادة الثانية والخمسون : تم تعديل هذه المادة بموجب المرسوم الملكي رقم ( م/ 46) وتاريخ 5 / 6 / 1436 هـ ؛ لتكون بالنص الآتي ""1 - مع مراعاة ما ورد في المادة (السابعة والثلاثين) من هذا النظام، تضع الوزارة نموذجاً موحداً لعقد العمل، يحتوي بصورة أساسية على اسم صاحب العمل ومكانه، واسم العامل وجنسيته، وما يلزم لإثبات شخصيته، وعنوان إقامته، والأجر المتفق عليه بما في ذلك المزايا والبدلات، ونوع العمل ومكانه، وتاريخ الالتحاق به، ومدته إن كان محدد المدة. 2 - يجب أن يكون عقد العمل وفق النموذج المشار إليه في الفقرة (1) من هذه المادة، ولطرفي العقد أن يضيفا إليه بنوداً أخرى، بما لا يتعارض مع أحكام هذا النظام ولائحته والقرارات الصادرة تنفيذاً له""."
ما هو بدل الانتقال؟,المادة الرابعة والثلاثون بعد المائة : تعد الإصابة إصابة عمل وفق ما هو منصوص عليه في نظام التأمينات الاجتماعية، وتعد الأمراض المهنية في حكم إصابات العمل، كما يعد تاريخ أول مشاهدة طبية للمرض في حكم تاريخ الإصابة.,المادة التاسعة : اللغة العربية هي الواجبة الاستعمال في البيانات والسجلات والملفات وعقود العمل وغيرها مما هو منصوص عليه في هذا النظام، أو في أي قرار صادر تطبيقًا لأحكامه، وكذلك التعليمات التي يصدرها صاحب العمل لعماله. وإذا استعمل صاحب العمل لغة أجنبية إلى جانب اللغة العربية في أي من الحالات المذكورة فإن النص العربي هو المعتمد دون غيره.,المادة الخمسون : عقد العمل هو عقد مبرم بين صاحب عمل وعامل، يتعهد الأخير بموجبه أن يعمل تحت إدارة صاحب العمل أو إشرافه مقابل أجر.
من يتحمل رسوم تأشيرة الخروج والعودة؟,"المادة الأربعون : - صدر المرسوم الملكي رقم (م/44) وتاريخ 1446/2/8هـ، وذلك بالموافقة على تعديلات بعض مواد نظام العمل (ويعمل بها من تاريخ 1446/8/20هـ) وعدلت الفقرة (1) من هذه المادة لتكون بالنص الآتي "" يتحمل صاحب العمل رسوم استقدام العامل غير السعودي، ورسوم الإقامة ورخصة العمل وتجديدهما، وما يترتب على تأخير ذلك من غرامات يتسبب بها صاحب العمل، ورسوم تغيير المهنة، والخروج والعودة، وتذكرة عودة العامل إلى موطنه بعد انتهاء العلاقة بين الطرفين "".","المادة الثالثة والأربعون : تم تعديل هذه المادة بموجب المرسوم الملكي رقم ( م/ 46) وتاريخ 5 / 6 / 1436 هـ ؛ لتكون بالنص الآتي ""مع عدم الإخلال بما تنص عليه اتفاقيات الامتياز وغيرها من الاتفاقيات من شروط وقواعد خاصة بالتدريب والتأهيل؛ على كل صاحب عمل يشغّل خمسين عاملاً فأكثر أن يؤهل أو يدرب على أعماله من عماله السعوديين ما لا يقل عن (12%) من مجموع عماله سنوياً، ويدخل ضمن هذه النسبة العمال السعوديون الذين يكملون دراساتهم إذا كان صاحب العمل يتحمل تكاليف الدراسة. وللوزير أن يرفع هذه النسبة في بعض المنشآت التي يحددها بقرار منه"".","المادة الثلاثون : - صدر المرسوم الملكي رقم (م/44) وتاريخ 1446/2/8هـ، وذلك بالموافقة على تعديلات بعض مواد نظام العمل (ويعمل بها من تاريخ 1446/8/20هـ) وعدلت هذه المادة لتكون بالنص الآتي ""1- لا يجوز لأي شخص طبيعي أو اعتباري أن يمارس نشاط توظيف السعوديين أو نشاط استقدام العمال أو نشاط الإسناد ما لم يكن مرخصاً له بذلك من الوزارة. وتحدد اللائحة ضوابط ممارسة كل من هذه الأنشطة، وشروط منح الترخيص لكل منها وتجديده، والتزامات المرخص له، وقواعد عدم تجديد الترخيص أو إلغائه، والآثار المترتبة على ذلك، وغير ذلك مما يكون ضروريًّا من الشروط والضوابط لضمان حسن سير العمل بها. 2- تقترح الوزارة قيمة رسوم ممارسة الأنشطة المشار إليها في الفقرة (1) من هذه المادة، وأوجه صرفها، تمهيداً لاستكمال الإجراءات النظامية في هذا الشأن""."
هل الإبلاغ ينطبق على المنشآت الصغيرة؟,المادة الحادية والأربعون بعد المائة : تحدد بقرار من الوزير إجراءات الإبلاغ عن إصابات العمل.,المادة السابعة والعشرون بعد المائة : تطبق أحكام هذا الفصل على المنشآت ذات المخاطر الكبرى .,المادة الثانية والثلاثون بعد المائة : لا تسري أحكام هذا الفصل على المنشآت التي تخضع لفرع الأخطار المهنية من نظام التأمينات الاجتماعية.
هل توجد غرامة لمخالفة أحكام إحلال السعوديين؟,"المادة الثامنة والعشرون : - صدر المرسوم الملكي رقم (م/44) وتاريخ 1446/2/8هـ، وذلك بالموافقة على تعديلات بعض مواد نظام العمل (ويعمل بها من تاريخ 1446/8/20هـ) وعدلت هذه المادة على النحو الآتي - إحلال كلمة ""قنوات"" محل كلمتي ""وحدة"" و ""وحدات"" أينما وردت في المادة. -إحلال كلمة ""الوزارة"" محل عبارة ""مكتب العمل المختص"". أينما وردت في المادة. - إحلال عبارة ""التي يشغلها ذوو الإعاقة"" محل عبارة ""التي يشغلها المعوقون"".","المادة الخامسة والعشرون : - صدر المرسوم الملكي رقم (م/44) وتاريخ 1446/2/8هـ، وذلك بالموافقة على تعديلات بعض مواد نظام العمل (ويعمل بها من تاريخ 1446/8/20هـ) وعدلت هذه المادة على النحو الآتي - إحلال كلمة ""قنوات"" محل كلمتي ""وحدة"" و ""وحدات"" أينما وردت في المادة. -إحلال كلمة ""الوزارة"" محل عبارة ""مكتب العمل المختص"". أينما وردت في المادة.",المادة الرابعة : يجب على صاحب العمل والعامل عند تطبيق أحكام هذا النظام الالتزام بمقتضيات أحكام الشريعة الإسلامية.
هل يحق للعامل رفض العمل الإضافي؟,المادة الحادية والثمانون : يحق للعامل أن يترك العمل دون إشعار مع احتفاظه بحقوقه النظامية كلها، وذلك في أي من الحالات الآتية 1 - إذا لم يقم صاحب العمل بالوفاء بالتزاماته العقدية أو النظامية الجوهرية إزاء العامل. 2 - إذا ثبت أن صاحب العمل أو من يمثله قد أدخل عليه الغش وقت التعاقد فيما يتعلق بشروط العمل وظروفه. 3 - إذا كلفه صاحب العمل دون رضاه بعمل يختلف جوهريًّا عن العمل المتفق عليه، وخلافًا لما تقرره المادة الستون من هذا النظام. 4 - إذا وقع من صاحب العمل أو من أحد أفراد أسرته أو من المدير المسؤول اعتداء يتسم بالعنف، أو سلوك مخل بالآداب نحو العامل أو أحد أفراد أسرته. 5 - إذا اتسمت معاملة صاحب العمل أو المدير المسؤول بمظاهر من القسوة والجور أو الإهانة. 6 - إذا كان في مقر العمل خطر جسيم يهدد سلامة العامل أو صحته، بشرط أن يكون صاحب العمل قد علم بوجوده، ولم يتخذ من الإجراءات ما يدل على إزالته. 7 - إذا كان صاحب العمل أو من يمثله قد دفع العامل بتصرفاته وعلى الأخص بمعاملته الجائرة أو بمخالفته شروط العقد إلى أن يكون العامل في الظاهر هو الذي أنهى العقد.,المادة الرابعة والخمسون بعد المائة : يحق للمرأة العاملة عندما تعود إلى مزاولة عملها بعد إجازة الوضع أن تأخذ بقصد إرضاع مولودها فترة أو فترات للاستراحة لا تزيد في مجموعها على الساعة في اليوم الواحد، وذلك علاوة على فترات الراحة الممنوحة لجميع العمال، وتحسب هذه الفترة أو الفترات من ساعات العمل الفعلية، ولا يترتب عليها تخفيض الأجر.,"المادة السابعة بعد المائة : - صدر المرسوم الملكي رقم (م/44) وتاريخ 1446/2/8هـ، وذلك بالموافقة على تعديلات بعض مواد نظام العمل (ويعمل بها من تاريخ 1446/8/20هـ) وعدلت الفقرة (1) من هذه المادة لتكون بالنص الآتي "" يجب على صاحب العمل أن يدفع للعامل أجراً إضافيًّا عن ساعات العمل الإضافية يوازي أجر الساعة مضافاً إليه (50%) من أجره الأساسي، ويجوز لصاحب العمل بموافقة العامل أن يحتسب للعامل أيام إجازة تعويضية مدفوعة الأجر بدلاً عن الأجر المستحق للعامل لساعات العمل الإضافية. وتبين اللائحة الأحكام المتصلة بذلك ""."
كم عدد أيام الراحة الأسبوعية؟,المادة الرابعة بعد المائة : 1- يوم الجمعة يوم الراحة الأسبوعية لجميع العمال. ويجوز لصاحب العمل- بعد إبلاغ مكتب العمل المختص- أن يستبدل بهذا اليوم لبعض عماله أي يوم من أيام الأسبوع، وعليه أن يمكنهم من القيام بواجباتهم الدينية، ولا يجوز تعويض يوم الراحة الأسبوعية بمقابل نقدي. 2- يكون يوم الراحة الأسبوعية بأجر كامل، ولا يقل عن أربع وعشرين ساعة متتالية.,المادة الرابعة والستون بعد المائة : لا يجوز تشغيل الأحداث تشغيلًا فعليًّا أكثر من ست ساعات في اليوم الواحد لسائر شهور السنة، عدا شهر رمضان، فيجب ألا تزيد ساعات العمل الفعلية فيه على أربع ساعات. وتنظم ساعات العمل بحيث لا يعمل الحدث أكثر من أربع ساعات متصلة دون فترة أو أكثر للراحة والطعام والصلاة، لا تقل في المرة الواحدة عن نصف ساعة، وبحيث لا يبقى في مكان العمل أكثر من سبع ساعات. ولا يجوز تشغيل الأحداث في أيام الراحة الأسبوعية أو في أيام الأعياد والعطلات الرسمية والإجازة السنوية. ولا تسري عليهم الاستثناءات التي نصت عليها المادة السادسة بعد المائة من هذا النظام.,المادة الرابعة عشرة بعد المائة : للعامل الحق في الحصول على إجازة بأجر لا تقل مدتها عن عشرة أيام ولا تزيد على خمسة عشر يومًا بما فيها إجازة عيد الأضحى؛ وذلك لأداء فريضة الحج لمرة واحدة طوال مدة خدمته إذا لم يكن قد أداها من قبل، ويشترط لاستحقاق هذه الإجازة أن يكون العامل قد أمضى في العمل لدى صاحب العمل سنتين متصلتين على الأقل، ولصاحب العمل أن يحدد عدد العمال الذين يمنحون هذه الإجازة سنويًّا وفقًا لمقتضيات العمل.
هل يجوز للعامل رفع دعوى إذا لم يكن لديه عقد مكتوب؟,المادة الثامنة : يبطل كل شرط يخالف أحكام هذا النظام، ويبطل كل إبراء أو مصالحة عن الحقوق الناشئة للعامل بموجب هذا النظام أثناء سريان عقد العمل، ما لم يكن أكثر فائدة للعامل.,المادة السادسة عشرة بعد المائة : يجوز للعامل بموافقة صاحب العمل الحصول على إجازة دون أجر، يتفق الطرفان على تحديد مدتها، ويعد عقد العمل موقوفًا خلال مدة الإجازة فيما زاد على عشرين يومًا، ما لم يتفق الطرفان على خلاف ذلك.,المادة الرابعة عشرة بعد المائة : للعامل الحق في الحصول على إجازة بأجر لا تقل مدتها عن عشرة أيام ولا تزيد على خمسة عشر يومًا بما فيها إجازة عيد الأضحى؛ وذلك لأداء فريضة الحج لمرة واحدة طوال مدة خدمته إذا لم يكن قد أداها من قبل، ويشترط لاستحقاق هذه الإجازة أن يكون العامل قد أمضى في العمل لدى صاحب العمل سنتين متصلتين على الأقل، ولصاحب العمل أن يحدد عدد العمال الذين يمنحون هذه الإجازة سنويًّا وفقًا لمقتضيات العمل.
هل يحق للعامل فترة راحة خلال الدوام؟,المادة الثالثة بعد المائة : للوزير أن يحدد بقرار منه الحالات والأعمال التي يتحتم فيها استمرار العمل دون فترة راحة لأسباب فنية أو لظروف التشغيل، ويلتزم صاحب العمل في هذه الحالات والأعمال بإعطاء فترة للصلاة والطعام والراحة بطريقة تنظمها إدارة المنشأة أثناء العمل.,المادة الرابعة والخمسون بعد المائة : يحق للمرأة العاملة عندما تعود إلى مزاولة عملها بعد إجازة الوضع أن تأخذ بقصد إرضاع مولودها فترة أو فترات للاستراحة لا تزيد في مجموعها على الساعة في اليوم الواحد، وذلك علاوة على فترات الراحة الممنوحة لجميع العمال، وتحسب هذه الفترة أو الفترات من ساعات العمل الفعلية، ولا يترتب عليها تخفيض الأجر.,"المادة الأولى بعد المائة : تم تعديل هذه المادة بموجب المرسوم الملكي رقم ( م/ 46) وتاريخ 5 / 6 / 1436 هـ ؛ لتكون بالنص الآتي ""تنظم ساعات العمل وفترات الراحة خلال اليوم، بحيث لا يعمل العامل أكثر من خمس ساعات متتالية دون فترة للراحة والصلاة والطعام لا تقل عن نصف ساعة في المرة الواحدة خلال مجموع ساعات العمل، وبحيث لا يبقى العامل في مكان العمل أكثر من اثنتي عشرة ساعة في اليوم الواحد""."
ما هي مدة الإجازة المرضية المتصلة أو المتقطعة؟,المادة الثامنة عشرة بعد المائة : لا يجوز للعامل أثناء تمتعه بأي من إجازاته المنصوص عليها في هذا الفصل أن يعمل لدى صاحب عمل آخر، فإذا أثبت صاحب العمل أن العامل قد خالف ذلك فله أن يحرمه من أجره عن مدة الإجازة أو يسترد ما سبق أن أداه إليه من ذلك الأجر.,المادة السادسة عشرة بعد المائة : يجوز للعامل بموافقة صاحب العمل الحصول على إجازة دون أجر، يتفق الطرفان على تحديد مدتها، ويعد عقد العمل موقوفًا خلال مدة الإجازة فيما زاد على عشرين يومًا، ما لم يتفق الطرفان على خلاف ذلك.,"المادة الحادية والخمسون بعد المائة : تم تعديل أحكام المادتين (الحادية والخمسين بعد المائة) و(الثانية والخمسين بعد المائة)؛ وإعادة صياغتهما بعد تعديل أحكامهما لتكون في مادة واحدة بموجب المرسوم الملكي رقم ( م/ 46) وتاريخ 5 / 6 / 1436 هـ ؛ بالنص الآتي ""المادة الحادية والخمسون بعد المائة 1 - للمرأة العاملة الحق في إجازة وضع بأجر كامل لمدة عشرة أسابيع توزعها كيف تشاء؛ تبدأ بحدٍّ أقصى بأربعة أسابيع قبل التاريخ المرجح للوضع، ويحدد التاريخ المرجح للوضع بموجب شهادة طبية مصدقة من جهة صحية. 2 - يحظر تشغيل المرأة بعد الوضع بأي حال من الأحوال خلال الستة أسابيع التالية له، ولها الحق في تمديد الإجازة مدة شهر دون أجر. 3 - للمرأة العاملة - في حالة إنجاب طفل مريض أو من ذوي الاحتياجات الخاصة وتتطلب حالته الصحية مرافقاً مستمراً له - الحق في إجازة مدتها شهر بأجر كامل تبدأ بعد انتهاء مدة إجازة الوضع، ولها الحق في تمديد الإجازة لمدة شهر دون أجر""."
هل التأمين الطبي إلزامي؟,المادة الأربعون بعد المائة : تحدد مسؤولية أصحاب العمل السابقين الذين اشتغل لديهم العامل المصاب بالمرض المهني على ضوء التقرير الطبي للطبيب المعالج، ويلزم هؤلاء بالتعويض المنصوص عليه في المادة الثامنة والثلاثين بعد المائة من هذا النظام، كل بنسبة المدة التي قضاها المصاب في خدمته، بشرط أن تكون الصناعات أو المهن التي يمارسونها مما ينشأ عنها المرض الذي أصيب به العامل.,المادة الخامسة والأربعون بعد المائتين : ينشر هذا النظام في الجريدة الرسمية، ويعمل به بعد مائة وثمانين يومًا من تاريخ نشره.,المادة الثالثة والأربعون بعد المائتين : يصدر الوزير القرارات واللوائح اللازمة لتنفيذ أحكام هذا النظام خلال مائة وثمانين يومًا من تاريخ العمل بهذا النظام، وتنشر اللوائح التنفيذية في الجريدة الرسمية.
ما هي الأنشطة التي يتم ترخيصها وفق المادة 10 المعدلة؟,المادة الثانية والتسعون : لا يجوز حسم أي مبلغ من أجور العامل لقاء حقوق خاصة دون موافقة خطية منه، إلا في الحالات الآتية 1 - استرداد قروض صاحب العمل، بشرط ألا يزيد ما يحسم من العامل في هذه الحالة على 10% من أجره. 2 - اشتراكات التأمينات الاجتماعية ، وأي اشتراكات أخرى مستحقة على العامل ومقررة نظامًا. 3 - اشتراكات العامل في صندوق الادخار والقروض المستحقة للصندوق. 4 - أقساط أي مشروع يقوم به صاحب العمل لبناء المساكن بقصد تمليكها للعمال أو أي مزية أخرى. 5 - الغرامات التي توقع على العامل بسبب المخالفات التي يرتكبها، وكذلك المبلغ الذي يقتطع منه مقابل ما أتلفه. 6 - استيفاء دين إنفاذًا لأي حكم قضائي، على ألَّا يزيد ما يحسم شهريًّا لقاء ذلك على ربع الأجر المستحق للعامل ما لم يتضمن الحكم خلاف ذلك. ويستوفى دين النفقة أولًا، ثم دين المأكل والملبس والمسكن قبل الديون الأخرى.,المادة التاسعة : اللغة العربية هي الواجبة الاستعمال في البيانات والسجلات والملفات وعقود العمل وغيرها مما هو منصوص عليه في هذا النظام، أو في أي قرار صادر تطبيقًا لأحكامه، وكذلك التعليمات التي يصدرها صاحب العمل لعماله. وإذا استعمل صاحب العمل لغة أجنبية إلى جانب اللغة العربية في أي من الحالات المذكورة فإن النص العربي هو المعتمد دون غيره.,"المادة السادسة والثمانون بعد المائة : - عُدلت هذه المادة وذلك بموجب المرسوم الملكي رقم (م / 5) وتاريخ 7 / 1 / 1442هـ، لتكون بالنص الآتي ""لا يجوز تشغيل أي شخص في المنجم أو المحجر لم يتم الثامنة عشرة من العمر""."
هل العمالة الزراعية ينطبق على المنشآت الصغيرة؟,المادة السابعة والعشرون بعد المائة : تطبق أحكام هذا الفصل على المنشآت ذات المخاطر الكبرى .,المادة الثانية والثلاثون بعد المائة : لا تسري أحكام هذا الفصل على المنشآت التي تخضع لفرع الأخطار المهنية من نظام التأمينات الاجتماعية.,"المادة التسعون : تم تعديل هذه المادة بموجب المرسوم الملكي رقم ( م/ 46) وتاريخ 5 / 6 / 1436 هـ ؛ لتكون بالنص الآتي "" 1 - يجب دفع أجر العامل وكل مبلغ مستحق له بالعملة الرسمية للبلاد طبقاً للأحكام الآتية أ - العمال باليومية تصرف أجورهم مرة كل أسبوع على الأقل. ب - العمال ذوو الأجور الشهرية تصرف أجورهم مرة في الشهر. ج - إذا كان العمل يؤدى بالقطعة، ويحتاج لمدة تزيد على أسبوعين، فيجب أن يحصل العامل على دفعة كل أسبوع تتناسب مع ما أتمه من العمل، ويصرف باقي الأجر كاملاً خلال الأسبوع التالي لتسليم العمل. د - في غير ما ذكر، تؤدى إلى العمال أجورهم مرة كل أسبوع على الأقل. 2 - تلزم المنشآت بدفع الأجور في حسابات العمال عن طريق البنوك المعتمدة في المملكة، بشرط ألا يتجاوز موعد استحقاقها المواعيد المحددة أعلاه، ويجوز للوزير استثناء بعض المنشآت من ذلك""."
هل يستحق العامل شهادة خبرة؟,"المادة الرابعة والخمسون : تم تعديل هذه المادة بموجب المرسوم الملكي رقم ( م/ 46) وتاريخ 5 / 6 / 1436 هـ ؛ لتكون بالنص الآتي ""لا يجوز وضع العامل تحت التجربة أكثر من مرة واحدة لدى صاحب عمل واحد. واستثناء من ذلك يجوز باتفاق طرفي العقد - كتابة - إخضاع العامل لفترة تجربة أخرى بشرط أن تكون في مهنة أخرى أو عمل آخر، أو أن يكون قد مضى على انتهاء علاقة العامل بصاحب العمل مدة لا تقل عن ستة أشهر. وإذا أنهي العقد خلال فترة التجربة فإن أيًّا من الطرفين لا يستحق تعويضاً، كما لا يستحق العامل مكافأة نهاية الخدمة عن ذلك"".",المادة الخامسة والستون بعد المائة : على صاحب العمل قبل تشغيل الحدث أن يستوفي منه المستندات الآتية 1 - بطاقة الهوية الوطنية أو شهادة رسمية بميلاده. 2 - شهادة باللياقة الصحية للعمل المطلوب صادرة من طبيب مختص ومصدق عليها من جهة صحية. 3 - موافقة ولي أمر الحدث. ويجب حفظ هذه المستندات في الملف الخاص بالحدث.,المادة التاسعة والسبعون : لا ينقضي عقد العمل بوفاة صاحب العمل، ما لم تكن شخصيته قد روعيت في إبرام العقد، ولكنه ينتهي بوفاة العامل أو بعجزه عن أداء عمله، وذلك بموجب شهادة طبية معتمدة من الجهات الصحية المخولة، أو من الطبيب المخول الذي يعينه صاحب العمل.
هل بدل السكن إلزامي؟,"المادة الحادية والستون : - صدر المرسوم الملكي رقم (م/44) وتاريخ 1446/2/8هـ، وذلك بالموافقة على تعديلات بعض مواد نظام العمل (ويعمل بها من تاريخ 1446/8/20هـ) وعدلت هذه المادة وذلك بإضافة الفقرات الآتية ""4- أن يمتنع عن القيام بكل ما من شأنه إبطال أو إضعاف تطبيق تكافؤ الفرص أو المعاملة في الاستخدام والمهنة، سواء من خلال الاستبعاد أو التفريق أو التفضيل بين المتقدمين للعمل أو العاملين لديه على أساس العرق أو اللون أو الجنس أو السن أو الإعاقة أو الحالة الاجتماعية أو أي شكل من أشكال التمييز الأخرى. 5- أن يوفر السكن اللائق لعماله. وله أن يستعيض عن ذلك ببدل نقدي مناسب يدفعه لهم مع الأجر. 6- أن يوفر وسيلة مواصلات مناسبة لعماله من مقر سكنهم إلى مقر العمل. وله أن يستعيض عن ذلك ببدل نقدي مناسب يدفعه لهم مع الأجر "".",المادة الخامسة والأربعون بعد المائتين : ينشر هذا النظام في الجريدة الرسمية، ويعمل به بعد مائة وثمانين يومًا من تاريخ نشره.,المادة الثالثة والأربعون بعد المائتين : يصدر الوزير القرارات واللوائح اللازمة لتنفيذ أحكام هذا النظام خلال مائة وثمانين يومًا من تاريخ العمل بهذا النظام، وتنشر اللوائح التنفيذية في الجريدة الرسمية.
كيف تثبت العلاقة العمالية إذا لم يوجد عقد؟,المادة الخامسة والتسعون : 1- إذا لم ينص عقد العمل أو لائحة تنظيم العمل على الأجر الذي يلتزم به صاحب العمل يؤخذ بالأجر المقدر لعمل من النوع ذاته في المنشأة إن وجد، وإلا قدر الأجر طبقًا لعرف المهنة في الجهة التي يؤدى فيها العمل، فإن لم يوجد تولت هيئة تسوية الخلافات العمالية تقدير الأجر وفقًا لمقتضيات العدالة. 2 - ويتبع ذلك أيضًا في تحديد نوع الخدمة الواجب على العامل أداؤها، وفي تحديد مداها.,المادة السادسة عشرة : 1- إذا لم يتمكن صاحب العمل من ممارسة العمل بنفسه، فعليه أن يعين مسؤولًا يمثله في مكان العمل. وفي حالة تعدد الشركاء أو المديرين في المنشأة يسمى أحدهم من المقيمين في مكان العمل، يمثل صاحب العمل ويكون مسؤولًا عن أي مخالفة لأحكام هذا النظام. 2- على صاحب العمل أن يبلغ مكتب العمل المختص كتابة باسم الشريك أو المدير، وعليه في حالة تغييره أن يبلغ المكتب باسم الشريك أو المدير الجديد خلال سبعة أيام على الأكثر من تولي هذا الأخير عمله. 3- إذا لم يوجد شخص معين بصفة مدير مسؤول للمنشأة، أو إذا لم يباشر الشخص المعين عمله- فإن من يقوم فعلًا بأعمال المدير أو صاحب العمل نفسه يعد مديرًا مسؤولًا عن المنشأة. وفي كل الأحوال تبقى مسؤولية صاحب العمل قائمة بصفة أصلية.,"المادة الرابعة والثلاثون بعد المائتين: - إضافة مادة تحمل الرقم ( الرابعة والثلاثون بعد المائتين ) ليكون النص كالآتي "" أ- لا تقبل أمام المحاكم العمالية أي دعوى تتعلق بالمطالبة بحق من الحقوق المنصوص عليها في هذا النظام أو الناشئة عن عقد العمل بعد مضي اثني عشر شهاً من تاريخ انتهاء علاقة العمل، ما لم يقدم المدعي عذراً تقبله المحكمة، أو يصدر من المدعى عليه إقرار بالحق. ب- تنظر الدعاوى العمالية على وجه الاستعجال."" وأضيفت هذه المادة بموجب المرسوم الملكي رقم (م/14) وتاريخ 1440/2/22هـ"
هل يجوز خصم أكثر من 5 أيام من راتب العامل كغرامة في الشهر الواحد؟,المادة السبعون : لا يجوز توقيع جزاء تأديبي على العامل لأمر ارتكبه خارج مكان العمل ما لم يكن متصلًا بالعمل أو بصاحبه أو مديره المسؤول، كما لا يجوز أن يوقع على العامل عن المخالفة الواحدة غرامة تزيد قيمتها على أجرة خمسة أيام، ولا توقيع أكثر من جزاء واحد على المخالفة الواحدة، ولا أن تُقتطع من أجره وفاءً للغرامات التي توقع عليه أكثر من أجر خمسة أيام في الشهر الواحد، ولا أن تزيد مدة إيقافه عن العمل دون أجر على خمسة أيام في الشهر.,المادة الرابعة والستون بعد المائة : لا يجوز تشغيل الأحداث تشغيلًا فعليًّا أكثر من ست ساعات في اليوم الواحد لسائر شهور السنة، عدا شهر رمضان، فيجب ألا تزيد ساعات العمل الفعلية فيه على أربع ساعات. وتنظم ساعات العمل بحيث لا يعمل الحدث أكثر من أربع ساعات متصلة دون فترة أو أكثر للراحة والطعام والصلاة، لا تقل في المرة الواحدة عن نصف ساعة، وبحيث لا يبقى في مكان العمل أكثر من سبع ساعات. ولا يجوز تشغيل الأحداث في أيام الراحة الأسبوعية أو في أيام الأعياد والعطلات الرسمية والإجازة السنوية. ولا تسري عليهم الاستثناءات التي نصت عليها المادة السادسة بعد المائة من هذا النظام.,المادة التاسعة والستون : لا يجوز اتهام العامل بمخالفة مضى على كشفها أكثر من ثلاثين يومًا، ولا يجوز توقيع جزاء تأديبي بعد تاريخ انتهاء التحقيق في المخالفة وثبوتها في حق العامل بأكثر من ثلاثين يومًا.
هل يجب على صاحب العمل توفير لائحة تنظيمية معتمدة وإطلاع الموظفين عليها؟,المادة الثالثة والخمسون بعد المائة : على صاحب العمل توفير الرعاية الطبية للمرأة العاملة أثناء الحمل والولادة.,المادة السادسة والأربعون بعد المائة : يلزم صاحب العمل وعلى نفقته بالنسبة لمن يؤدي عملًا في الأماكن البعيدة عن العمران بكل ما يأتي أو بعضه وفقًا لما يحدده الوزير 1 - توفير حوانيت لبيع الطعام والملابس وغير ذلك من الحاجات الضرورية بأسعار معتدلة، وذلك في مناطق العمل التي لا تتوافر فيها عادة تلك الحوانيت. 2 - توفير وسائل ترفيه وتثقيف مناسبة وملاعب رياضية ملحقة بأماكن العمل. 3 - إجراء ما يلزم من الترتيبات الطبية المناسبة للمحافظة على صحة العمال وعلاج أسرهم علاجًا شاملًا. (ويقصد بالأسرة الزوج والأولاد والأم والأب المقيمون معه). 4 - توفير مدارس لتعليم أولاد العمال إذا لم يتوافر في المنطقة مدارس كافية. 5 - إعداد مساجد أو مصليات في أماكن العمل. 6 - إعداد برامج لمحو الأمية بين العمال. وتحدد اللائحة الأماكن البعيدة عن العمران.,المادة التاسعة والسبعون : لا ينقضي عقد العمل بوفاة صاحب العمل، ما لم تكن شخصيته قد روعيت في إبرام العقد، ولكنه ينتهي بوفاة العامل أو بعجزه عن أداء عمله، وذلك بموجب شهادة طبية معتمدة من الجهات الصحية المخولة، أو من الطبيب المخول الذي يعينه صاحب العمل.
ما هو حكم المنافسة بعد انتهاء العقد؟,المادة الرابعة والثلاثون بعد المائة : تعد الإصابة إصابة عمل وفق ما هو منصوص عليه في نظام التأمينات الاجتماعية، وتعد الأمراض المهنية في حكم إصابات العمل، كما يعد تاريخ أول مشاهدة طبية للمرض في حكم تاريخ الإصابة.,المادة الخامسة والثلاثون بعد المائة : تعد في حكم الإصابة حالة الانتكاس أو أي مضاعفة تنشأ عنها، ويسري عليها بالنسبة للمعونة والعلاج ما يسري على الإصابة الأصلية.,المادة الثامنة والثمانون : إذا انتهت خدمة العامل وجب على صاحب العمل دفع أجره وتصفية حقوقه خلال أسبوع- على الأكثر- من تاريخ انتهاء العلاقة العقدية، أما إذا كان العامل هو الذي أنهى العقد وجب على صاحب العمل تصفية حقوقه كاملة خلال مدة لا تزيد على أسبوعين. ولصاحب العمل أن يحسم أي دين مستحق له بسبب العمل من المبالغ المستحقة للعامل.
كم المدة المسموحة لرفع دعوى عمالية؟,"المادة الرابعة والأربعون : - صدر المرسوم الملكي رقم (م/44) وتاريخ 1446/2/8هـ، وذلك بالموافقة على تعديلات بعض مواد نظام العمل (ويعمل بها من تاريخ 1446/8/20هـ) وعدلت هذه المادة لتكون بالنص الآتي "" يجب أن يشتمل برنامج التدريب على المهارة التي يتدرب العامل عليها والقواعد والشروط التي تتبع في التدريب، وعلى مدته وعدد ساعاته والبرامج التدريبية النظرية والعملية، وطريقة الاختبار والشهادات التي تمنح في هذا الشأن. وتحدد اللائحة المعايير والقواعد العامة التي ينبغي اتباعها بهذا الخصوص لرفع مستوى أداء العامل من حيث المهارة والإنتاجية "".","المادة السابعة والسبعون : تم تعديل هذه المادة بموجب المرسوم الملكي رقم ( م/ 46) وتاريخ 5 / 6 / 1436 هـ ؛ لتكون بالنص الآتي ""ما لم يتضمن العقد تعويضاً محدداً مقابل إنهائه من أحد الطرفين لسبب غير مشروع، يستحق الطرف المتضرر من إنهاء العقد تعويضاً على النحو الآتي 1 - أجر خمسة عشر يوماً عن كل سنة من سنوات خدمة العامل، إذا كان العقد غير محدد المدة. 2 - أجر المدة الباقية من العقد إذا كان العقد محدد المدة. 3 - يجب ألا يقل التعويض المشار إليه في الفقرتين (1) و(2) من هذه المادة عن أجر العامل لمدة شهرين"".","المادة الخامسة والخمسون : تم تعديل هذه المادة بموجب المرسوم الملكي رقم ( م/ 46) وتاريخ 5 / 6 / 1436 هـ ؛ لتكون بالنص الآتي ""1 - ينتهي عقد العمل المحدد المدة بانقضاء مدته، فإذا استمر طرفاه في تنفيذ عُدَّ العقدُ مجدداً لمدة غير محددة. مع مراعاة ما نصت عليه المادة (السابعة والثلاثون) من هذا النظام بالنسبة إلى غير السعوديين. 2 - إذا تضمن العقد المحدد المدة شرطاً يقضي بتجديده لمدة مماثلة أو لمدة محددة، فإنه يتجدد للمدة المتفق عليها. فإن تعدد التجديد ثلاث مرات متتالية، أو بلغت مدة العقد الأصلي مع مدة التجديد أربع سنوات أيهما أقل واستمر الطرفان في تنفيذه؛ تحوّل العقد إلى عقد غير محدد المدة""."
كيف تتم تسوية مخالفات العمل؟,"المادة الثالثة والثلاثون بعد المائتين: - أُضيفت هذه المادة وذلك بموجب المرسوم الملكي رقم (م/46) وتاريخ 1436/6/5هـ، لتكون بالنص الآتي "" للوزير منح مكافأة مالية لا تزيد على 25% من مبلغ الغرامة المحصلة لمن يساعد - من موظفي التفتيش أو من غيرهم - في الكشف عن أيّ من مخالفات أحكام هذا النظام ولائحته والقرارات الصادرة تنفيذاً له.""","المادة السادسة والتسعون بعد المائة : تم تعديل هذه المادة بموجب المرسوم الملكي رقم ( م/ 46) وتاريخ 5 / 6 / 1436 هـ ؛ لتكون بالنص الآتي "" يختص مفتشو العمل بما يأتي 1 - مراقبة تنفيذ أحكام هذا النظام واللائحة والقرارات الصادرة تنفيذاً له. 2 - تزويد أصحاب العمل والعمال بالمعلومات والإرشادات الفنية التي تمكنهم من اتباع أحسن الوسائل لتنفيذ أحكام هذا النظام. 3 - إبلاغ الجهات المختصة بأوجه النقص التي تقصر الأحكام القائمة من معالجتها، واقتراح ما يلزم لذلك. 4 - ضبط مخالفات أحكام هذا النظام واللائحة والقرارات الصادرة تنفيذاً له. 5 - التحقق من المخالفات التي تضبطها جهات حكومية مختصة أخرى وتحال إلى الوزارة. 6 - اقتراح الغرامة المناسبة وفقاً لجدول المخالفات والعقوبات"".","المادة الحادية والخمسون بعد المائة : تم تعديل أحكام المادتين (الحادية والخمسين بعد المائة) و(الثانية والخمسين بعد المائة)؛ وإعادة صياغتهما بعد تعديل أحكامهما لتكون في مادة واحدة بموجب المرسوم الملكي رقم ( م/ 46) وتاريخ 5 / 6 / 1436 هـ ؛ بالنص الآتي ""المادة الحادية والخمسون بعد المائة 1 - للمرأة العاملة الحق في إجازة وضع بأجر كامل لمدة عشرة أسابيع توزعها كيف تشاء؛ تبدأ بحدٍّ أقصى بأربعة أسابيع قبل التاريخ المرجح للوضع، ويحدد التاريخ المرجح للوضع بموجب شهادة طبية مصدقة من جهة صحية. 2 - يحظر تشغيل المرأة بعد الوضع بأي حال من الأحوال خلال الستة أسابيع التالية له، ولها الحق في تمديد الإجازة مدة شهر دون أجر. 3 - للمرأة العاملة - في حالة إنجاب طفل مريض أو من ذوي الاحتياجات الخاصة وتتطلب حالته الصحية مرافقاً مستمراً له - الحق في إجازة مدتها شهر بأجر كامل تبدأ بعد انتهاء مدة إجازة الوضع، ولها الحق في تمديد الإجازة لمدة شهر دون أجر""."
هل يجب أن يكون عقد الموظف غير السعودي مكتوب باللغة العربية؟,"المادة السابعة والثلاثون : - صدر المرسوم الملكي رقم (م/44) وتاريخ 1446/2/8هـ، وذلك بالموافقة على تعديلات بعض مواد نظام العمل (ويعمل بها من تاريخ 1446/8/20هـ) وعدلت هذه المادة لتكون بالنص الآتي ""يجب أن يكون عقد عمل غير السعودي مكتوباً ومحدد المدة. وإذا خلا العقد من بيان مدته تعد مدته (سنة) من تاريخ مباشرة العامل الفعلية، وإذا استمر العمل بعد انتهاء هذه المدة، عُدَّ متجدداً لمدة مماثلة"".",المادة السادسة والثلاثون : على الوزير أن يحدد بقرار منه المهن والأعمال التي يحظر على غير السعودي الاشتغال بها.,المادة الثالثة والثلاثون : لا يجوز لغير السعودي أن يمارس عملًا، ولا يجوز أن يسمح له بمزاولته، إلا بعد الحصول على رخصة عمل من الوزارة وفق النموذج الذي تعده لهذا الغرض. ويشترط لمنح الرخصة ما يأتي 1 - أن يكون العامل قد دخل البلاد بطريقة مشروعة ومصرحًا له بالعمل. 2 - أن يكون من ذوي الكفايات المهنية أو المؤهلات الدراسية التي تحتاج إليها البلاد، ولا يوجد من أبناء البلاد من يحملها أو كان العدد الموجود منهم لا يفي بالحاجة، أو يكون من فئة العمال العاديين التي تحتاج إليها البلاد. 3 - أن يكون متعاقدًا مع صاحب عمل وتحت مسؤوليته. ويقصد بكلمة (العمل) في هذه المادة كل عمل صناعي أو تجاري أو زراعي أو مالي أو غيره وأي خدمة بما في ذلك الخدمة المنزلية.
هل العمولة تعتبر جزءاً من الأجر؟,المادة السادسة والستون : الجزاءات التأديبية التي يجوز لصاحب العمل توقيعها على العامل 1 - الإنذار. 2 - الغرامة. 3 - الحرمان من العلاوة أو تأجيلها لمدة لا تزيد على سنة متى كانت مقررة من صاحب العمل. 4 - تأجيل الترقية مدة لا تزيد على سنة متى كانت مقررة من صاحب العمل. 5 - الإيقاف عن العمل مع الحرمان من الأجر. 6- الفصل من العمل في الحالات المقررة في النظام.,"المادة الرابعة والتسعون بعد المائة : تم تعديل هذه المادة بموجب المرسوم الملكي رقم ( م/ 46) وتاريخ 5 / 6 / 1436 هـ ؛ لتكون بالنص الآتي ""يتولى تفتيش العمل مفتشون من موظفي الوزارة، أو من غيرهم من السعوديين، يحددهم الوزير أو من يفوضه، وتكون لهم الصلاحيات والاختصاصات المنصوص عليها في هذا النظام"".","المادة الرابعة والثلاثون بعد المائتين : تم تعديل أحكام المواد (التاسعة والعشرين بعد المائتين)، و(الثلاثين بعد المائتين)، و(الحادية والثلاثين بعد المائتين)، و(الثانية والثلاثين بعد المائتين)، و(الثالثة والثلاثين بعد المائتين)، و(الرابعة والثلاثين بعد المائتين)، و(الخامسة والثلاثين بعد المائتين)، و(السادسة والثلاثين بعد المائتين)، و(السابعة والثلاثين بعد المائتين)، و(السادسة والثلاثين بعد المائتين)، و(السابعة والثلاثين بعد المائتين)، و(الثامنة والثلاثين بعد المائتين)، و(التاسعة والثلاثين بعد المائتين)، و(الحادية والأربعين بعد المائتين)؛ وإعادة صياغة هذه المواد بعد تعديل أحكامها لتكون في مادتين بموجب المرسوم الملكي رقم ( م/ 46) وتاريخ 5 / 6 / 1436 هـ ؛ على النحو الآتي ""المادة التاسعة والعشرون بعد المائتين 1 - مع عدم الإخلال بأي عقوبة أشد ينص عليها نظام آخر، يعاقب كل من يخل بأي حكم من أحكام هذا النظام أو لائحته أو القرارات الصادرة تنفيذا له، بعقوبة أو أكثر من العقوبات الآتية أ - غرامة مالية لا تتجاوز مائة ألف ريـال. ب - إغلاق المنشأة لمدة لا تزيد على ثلاثين يوماً. ج - إغلاق المنشأة نهائيًّا. 2 - يجوز مضاعفة العقوبة الموقعة على المخالف في حال تكرار ارتكاب لمخالفة. 3 - تتعدد الغرامات بتعدد الأشخاص الذين وقعت المخالفة في شأنهم"". "" المادة الثلاثون بعد المائتين 1 - للوزارة – بقرار من الوزير أو من ينيبه – إيقاع العقوبتين أو إحداهما المنصوص عليهما في الفقرتين الفرعيتين (أ) و(ب) من الفقرة (1) من المادة (التاسعة والعشرين بعد المائتين) من هذا النظام، بما لا يتجاوز نصف الحد الأعلى المقرر لأي منهما، ويجوز التظلم من القرار الصادر بالعقوبة أمام المحكمة الإدارية المختصة. 2 - يصدر – بقرار من الوزير – جدول تُحدد فيه المخالفات والعقوبات المقابلة لها التي لا تتجاوز نصف الحد الأعلى للعقوبتين الواردتين في الفقرتين الفرعيتين (أ) و(ب) من الفقرة (1) من المادة (التاسعة والعشرين بعد المائتين) من هذا النظام، ويراعى في ذلك التدرج في تحديد مقدارها وتناسبها مع جسامة المخالفة. 3 - يصدر – بقرار من الوزير – جدول تحدد فيه المخالفات التي تتجاوز عقوباتها نصف الحد الأعلى للعقوبتين الواردتين في الفقرتين الفرعيتين (أ) و(ب) من الفقرة (1) من المادة (التاسعة والعشرين بعد المائتين) من هذا النظام، وتحدد فيه كذلك المخالفات التي تكون عقوبتها العقوبة الواردة في الفقرة الفرعية (ج) من الفقرة (1) من المادة المذكورة. 4 - إذا كانت المخالفة تستوجب عقوبة تزيد على نصف الحد الأعلى المقرر لها، أو كانت من المخالفات التي تستوجب عقوبة الإغلاق النهائي للمنشأة وفقاً للجدول المنصوص عليه في الفقرة (3) من هذه المادة؛ فترفع الوزارة دعوى أمام المحكمة المختصة للنظر فيها وإيقاع العقوبة المناسبة المنصوص عليها في المادة (التاسعة والعشرين بعد المائتين) من هذا النظام. 5 - يجوز الاتفاق بين الوزارة والمخالف على تسوية المخالفة، وذلك بدفع مبلغ الغرامة الذي تقدره الوزارة، على أن يصدر بهذه التسوية قرار من الوزير""."
ما هي وثيقة العمل الحر؟,المادة التاسعة : اللغة العربية هي الواجبة الاستعمال في البيانات والسجلات والملفات وعقود العمل وغيرها مما هو منصوص عليه في هذا النظام، أو في أي قرار صادر تطبيقًا لأحكامه، وكذلك التعليمات التي يصدرها صاحب العمل لعماله. وإذا استعمل صاحب العمل لغة أجنبية إلى جانب اللغة العربية في أي من الحالات المذكورة فإن النص العربي هو المعتمد دون غيره.,المادة الحادية والتسعون : 1- إذا تسبب عامل في فقد أو إتلاف أو تدمير آلات أو منتجات يملكها صاحب العمل أو هي في عهدته وكان ذلك ناشئًا عن خطأ العامل أو مخالفته تعليمات صاحب العمل ولم يكن نتيجة لخطأ الغير أو ناشئًا عن قوة قاهرة، فلصاحب العمل أن يقتطع من أجر العامل المبلغ اللازم للإصلاح أو لإعادة الوضع إلى ما كان عليه على ألا يزيد ما يقتطع لهذا الغرض على أجر خمسة أيام في كل شهر، ولصاحب العمل الحق في التظلم عند الاقتضاء، وذلك بطلب ما هو أكثر من ذلك إذا كان للعامل مال آخر يمكن الاستيفاء منه، وللعامل أن يتظلم مما نسب إليه أو من تقدير صاحب العمل للتعويض أمام هيئة تسوية الخلافات العمالية، فإذا حكمت بعدم أحقية صاحب العمل في الرجوع على العامل بما اقتطعه منه أو حكمت بأقل منه وجب على صاحب العمل أن يرد إلى العامل ما اقتطع منه دون وجه حق خلال سبعة أيام من تاريخ صدور الحكم. 2 - يكون تظلم أي من الطرفين خلال خمسة عشر يوم عمل، وإلا سقط الحق فيه، ويبدأ موعد التظلم بالنسبة إلى صاحب العمل من تاريخ اكتشاف الواقعة، وبالنسبة إلى العامل من تاريخ إبلاغ صاحب العمل له بذلك.,المادة العاشرة : تحسب جميع المدد والمواعيد المنصوص عليها في هذا النظام بالتقويم الهجري، ما لم ينص في عقد العمل أو لائحة تنظيم العمل على خلاف ذلك.
ما هي واجبات العامل تجاه السلامة؟,المادة الثانية والسبعون بعد المائة : يجب أن تعلن في السفينة وفي القسم المخصص للعاملين فيها قواعد العمل على ظهرها وشروطه، ويجب أن تتضمن القواعد والشروط ما يأتي 1 - التزامات البحارة وواجباتهم وقواعد تنظيم العمل على ظهر السفينة والجداول الزمنية للخدمة، وساعات العمل اليومية. 2 - واجبات مجهز السفينة تجاه البحارة، من حيث الأجور الثابتة والمكافآت، وغير ذلك من أنواع الأجر. 3 - كيفية تعليق دفع الأجور أو الحسم منها، وكيفية دفع السلف على الأجور. 4 - مكان تصفية الأجور وزمانها، وحسابها النهائي. 5 - قواعد تقديم الغذاء والمبيت وأصولها على ظهر السفينة. 6 - علاج أمراض البحارة وإصاباتهم. 7 - سلوك البحارة وشروط ترحيلهم إلي بلدهم . 8 - إجازات البحارة السنوية المدفوعة الأجر. 9 - مكافأة نهاية الخدمة وغير ذلك من التعويضات التي ستدفع بمناسبة إنهاء عقد العمل أو انتهائه.,المادة الحادية والتسعون : 1- إذا تسبب عامل في فقد أو إتلاف أو تدمير آلات أو منتجات يملكها صاحب العمل أو هي في عهدته وكان ذلك ناشئًا عن خطأ العامل أو مخالفته تعليمات صاحب العمل ولم يكن نتيجة لخطأ الغير أو ناشئًا عن قوة قاهرة، فلصاحب العمل أن يقتطع من أجر العامل المبلغ اللازم للإصلاح أو لإعادة الوضع إلى ما كان عليه على ألا يزيد ما يقتطع لهذا الغرض على أجر خمسة أيام في كل شهر، ولصاحب العمل الحق في التظلم عند الاقتضاء، وذلك بطلب ما هو أكثر من ذلك إذا كان للعامل مال آخر يمكن الاستيفاء منه، وللعامل أن يتظلم مما نسب إليه أو من تقدير صاحب العمل للتعويض أمام هيئة تسوية الخلافات العمالية، فإذا حكمت بعدم أحقية صاحب العمل في الرجوع على العامل بما اقتطعه منه أو حكمت بأقل منه وجب على صاحب العمل أن يرد إلى العامل ما اقتطع منه دون وجه حق خلال سبعة أيام من تاريخ صدور الحكم. 2 - يكون تظلم أي من الطرفين خلال خمسة عشر يوم عمل، وإلا سقط الحق فيه، ويبدأ موعد التظلم بالنسبة إلى صاحب العمل من تاريخ اكتشاف الواقعة، وبالنسبة إلى العامل من تاريخ إبلاغ صاحب العمل له بذلك.,المادة التاسعة : اللغة العربية هي الواجبة الاستعمال في البيانات والسجلات والملفات وعقود العمل وغيرها مما هو منصوص عليه في هذا النظام، أو في أي قرار صادر تطبيقًا لأحكامه، وكذلك التعليمات التي يصدرها صاحب العمل لعماله. وإذا استعمل صاحب العمل لغة أجنبية إلى جانب اللغة العربية في أي من الحالات المذكورة فإن النص العربي هو المعتمد دون غيره.
هل يتحمل المتدرب تكاليف التدريب وفق المادة 15؟,"المادة الثامنة والأربعون : تم تعديل هذه المادة بموجب المرسوم الملكي رقم ( م/ 46) وتاريخ 5 / 6 / 1436 هـ ؛ لتكون بالنص الآتي ""1 - لصاحب العمل أن ينهي عقد التأهيل أو التدريب إذا ثبت له عدم قابلية أو قدرة المتدرب أو الخاضع للتأهيل على إكمال برامج التدريب أو التأهيل بصورة مفيدة، وللمتدرب أو الخاضع للتأهيل أو وليه أو وصيه مثل هذا الحق. وعلى الطرف الذي يرغب في إنهاء العقد إبلاغ الطرف الآخر بذلك قبل أسبوع على الأقل من تاريخ التوقف عن التدريب أو التأهيل. 2 - لصاحب العمل - بعد إكمال مدة التدريب أو التأهيل - أن يلزم المتدرب أو الخاضع للتأهيل بأن يعمل لديه مدة مماثلة لمدة التدريب أو التأهيل، فإن رفض أو امتنع المتدرب أو الخاضع للتأهيل عن العمل المدة المماثلة أو بعضها؛ وجب عليه أن يدفع لصاحب العمل تكاليف التدريب أو التأهيل التي تحملها صاحب العمل أو بنسبة المدة الباقية منها"".","المادة السابعة والأربعون : - صدر المرسوم الملكي رقم (م/44) وتاريخ 1446/2/8هـ، وذلك بالموافقة على تعديلات بعض مواد نظام العمل (ويعمل بها من تاريخ 1446/8/20هـ) وعدلت هذه المادة لتكون بالنص الآتي "" للوزير أن يلزم المنشآت بقبول عدد أو تنسبة محددة من طلاب الجامعات والكليات والمعاهد والمراكز وخريجيها؛ بغية التدريب واستكمال الخبرة العملية، وفق الشروط والأوضاع والمدد التي تحددها اللائحة، على أن يُبرم عقد تدريب بين المتدرب وصاحب العمل تطبق في شأنه الأحكام الواردة في هذا الفصل. وللمنشأة أن تقدم مكافأة للمتدرب "".","المادة السادسة والأربعون : - صدر المرسوم الملكي رقم (م/44) وتاريخ 1446/2/8هـ، وذلك بالموافقة على تعديلات بعض مواد نظام العمل (ويعمل بها من تاريخ 1446/8/20هـ) وعدلت هذه المادة لتكون بالنص الآتي "" يجب أن يكون عقد التأهيل أو التدريب مكتوباً، وأن يحدد فيه نوع المهنة المتعاقد للتدريب عليها، ومقدار المكافأة التي تعطى للمتدرب في كل مرحلة، على ألا يكون تحديدها على أساس القطعة أو الإنتاج، ويجب أن تُبيَّن في العقد حقوق المتدرب وصاحب العمل وواجباتهما، وما إذا كان التأهيل أو التدريب في منشأة تتبع صاحب العمل أو لدى منشأة أخرى ""."
ما هو سجل الدخول للمنجم؟,المادة الرابعة والثلاثون بعد المائة : تعد الإصابة إصابة عمل وفق ما هو منصوص عليه في نظام التأمينات الاجتماعية، وتعد الأمراض المهنية في حكم إصابات العمل، كما يعد تاريخ أول مشاهدة طبية للمرض في حكم تاريخ الإصابة.,المادة التاسعة : اللغة العربية هي الواجبة الاستعمال في البيانات والسجلات والملفات وعقود العمل وغيرها مما هو منصوص عليه في هذا النظام، أو في أي قرار صادر تطبيقًا لأحكامه، وكذلك التعليمات التي يصدرها صاحب العمل لعماله. وإذا استعمل صاحب العمل لغة أجنبية إلى جانب اللغة العربية في أي من الحالات المذكورة فإن النص العربي هو المعتمد دون غيره.,المادة الخمسون : عقد العمل هو عقد مبرم بين صاحب عمل وعامل، يتعهد الأخير بموجبه أن يعمل تحت إدارة صاحب العمل أو إشرافه مقابل أجر.
لدى منشأة عليها إعفاء من المقابل المالي وأريد نقل ملكيتها هل يستمر الإعفاء ؟,"المادة السادسة والأربعون : - صدر المرسوم الملكي رقم (م/44) وتاريخ 1446/2/8هـ، وذلك بالموافقة على تعديلات بعض مواد نظام العمل (ويعمل بها من تاريخ 1446/8/20هـ) وعدلت هذه المادة لتكون بالنص الآتي "" يجب أن يكون عقد التأهيل أو التدريب مكتوباً، وأن يحدد فيه نوع المهنة المتعاقد للتدريب عليها، ومقدار المكافأة التي تعطى للمتدرب في كل مرحلة، على ألا يكون تحديدها على أساس القطعة أو الإنتاج، ويجب أن تُبيَّن في العقد حقوق المتدرب وصاحب العمل وواجباتهما، وما إذا كان التأهيل أو التدريب في منشأة تتبع صاحب العمل أو لدى منشأة أخرى "".",المادة السابعة والتسعون : إذا جرى توقيف العامل أو احتجازه لدى الجهات المختصة في قضايا تتصل بالعمل أو بسببه فعلى صاحب العمل أن يستمر في دفع 50% من الأجر إلى العامل حتى يفصل في قضيته، على ألا تزيد مدة التوقيف أو الحجز على مائة وثمانين يومًا، فإذا زادت على ذلك فلا يلتزم صاحب العمل بدفع أي جزء من الأجر عن المدة الزائدة، فإذا قضي ببراءة العامل أو حفظ التحقيق لعدم ثبوت ما نسب إليه أو لعدم صحته، وجب على صاحب العمل أن يرد إلى العامل ما سبق حسمه من أجره، أما إذا قضي بإدانته فلا يستعاد منه ما صرف له ما لم ينص الحكم على خلاف ذلك.,المادة الثامنة عشرة بعد المائة : لا يجوز للعامل أثناء تمتعه بأي من إجازاته المنصوص عليها في هذا الفصل أن يعمل لدى صاحب عمل آخر، فإذا أثبت صاحب العمل أن العامل قد خالف ذلك فله أن يحرمه من أجره عن مدة الإجازة أو يسترد ما سبق أن أداه إليه من ذلك الأجر.
هل يجوز إلغاء ترخيص نشاط الاستقدام؟,المادة الرابعة والثلاثون : لا يغني عن رخصة العمل المشار إليها أي تصريح أو ترخيص يكون مطلوبًا من جهة أخرى لممارسة العمل أو المهنة.,"المادة الثلاثون : - صدر المرسوم الملكي رقم (م/44) وتاريخ 1446/2/8هـ، وذلك بالموافقة على تعديلات بعض مواد نظام العمل (ويعمل بها من تاريخ 1446/8/20هـ) وعدلت هذه المادة لتكون بالنص الآتي ""1- لا يجوز لأي شخص طبيعي أو اعتباري أن يمارس نشاط توظيف السعوديين أو نشاط استقدام العمال أو نشاط الإسناد ما لم يكن مرخصاً له بذلك من الوزارة. وتحدد اللائحة ضوابط ممارسة كل من هذه الأنشطة، وشروط منح الترخيص لكل منها وتجديده، والتزامات المرخص له، وقواعد عدم تجديد الترخيص أو إلغائه، والآثار المترتبة على ذلك، وغير ذلك مما يكون ضروريًّا من الشروط والضوابط لضمان حسن سير العمل بها. 2- تقترح الوزارة قيمة رسوم ممارسة الأنشطة المشار إليها في الفقرة (1) من هذه المادة، وأوجه صرفها، تمهيداً لاستكمال الإجراءات النظامية في هذا الشأن"".",المادة الخامسة بعد المائتين : يعد رئيس تفتيش العمل في مكتب العمل تقريرًا شهريًّا عن نشاط تفتيش العمل، ونواحي التفتيش، والمنشآت التي تم التفتيش عليها، وعدد المخالفات المرتكبة، ونوعها، والتدابير المتخذة بشأنها، كما يعد تقريرًا سنويًّا عن التفتيش في دائرة اختصاص مكتب العمل ونتائجه وآثاره، ويضمنه ملاحظاته ومقترحاته. وترسل نسخة من التقريرين إلى الوزارة.
ما علاقة العمالة الزراعية برؤية 2030؟,المادة الرابعة والثمانون : إذا انتهت علاقة العمل وجب على صاحب العمل أن يدفع إلى العامل مكافأة عن مدة خدمته تحسب على أساس أجر نصف شهر عن كل سنة من السنوات الخمس الأولى، وأجر شهر عن كل سنة من السنوات التالية، ويتخذ الأجر الأخير أساسًا لحساب المكافأة، ويستحق العامل مكافأة عن أجزاء السنة بنسبة ما قضاه منها في العمل.,"المادة الرابعة والثلاثون بعد المائتين: - إضافة مادة تحمل الرقم ( الرابعة والثلاثون بعد المائتين ) ليكون النص كالآتي "" أ- لا تقبل أمام المحاكم العمالية أي دعوى تتعلق بالمطالبة بحق من الحقوق المنصوص عليها في هذا النظام أو الناشئة عن عقد العمل بعد مضي اثني عشر شهاً من تاريخ انتهاء علاقة العمل، ما لم يقدم المدعي عذراً تقبله المحكمة، أو يصدر من المدعى عليه إقرار بالحق. ب- تنظر الدعاوى العمالية على وجه الاستعجال."" وأضيفت هذه المادة بموجب المرسوم الملكي رقم (م/14) وتاريخ 1440/2/22هـ",المادة الخامسة والثمانون : إذا كان انتهاء علاقة العمل بسبب استقالة العامل يستحق في هذه الحالة ثلث المكافأة بعد خدمة لا تقل مدتها عن سنتين متتاليتين، ولا تزيد على خمس سنوات، ويستحق ثلثيها إذا زادت مدة خدمته على خمس سنوات متتالية ولم تبلغ عشر سنوات، ويستحق المكافأة كاملة إذا بلغت مدة خدمته عشر سنوات فأكثر.
هل يحق لمفتش العمل دخول المنشأة ليلاً؟,"المادة الثامنة والتسعون بعد المائة : - صدر المرسوم الملكي رقم (م/44) وتاريخ 1446/2/8هـ، وذلك بالموافقة على تعديلات بعض مواد نظام العمل (ويعمل بها من تاريخ 1446/8/20هـ) وعدلت الفقرة (1) من هذه المادة لتكون بالنص الآتي "" دخول أي منشأة خاضعة لأحكام نظام العمل في أي وقت من أوقات عمل المنشأة دون إشعار سابق "".",المادة الأولى بعد المائتين : لمفتش العمل الحق في إصدار التعليمات إلى أصحاب العمل بإدخال التعديلات على قواعد العمل في الأجهزة والمعدات لديهم في الآجال التي يحددها، وذلك لضمان مراعاة الأحكام الخاصة بصحة العمال وسلامتهم، كما له في حالة وجود خطر يهدد صحة العمال وسلامتهم أن يطلب تنفيذ ما يراه لازمًا من إجراءات لدرء هذا الخطر فورًا.,المادة التاسعة والثمانون بعد المائة : يحظر دخول أماكن العمل وملحقاتها على غير العاملين فيها وعلى غير المكلفين بالتفتيش على المنجم أو المحجر والأشخاص الذين يحملون إذنًا خاصًّا من الجهة المختصة.
من يتحمل رسوم نقل الكفالة (نقل الخدمة)؟,المادة التاسعة والخمسون : لا يجوز نقل العامل ذي الأجر الشهري إلى فئة عمال اليومية أو العمال المعينين بالأجر الأسبوعي أو بالقطعة أو بالساعة، إلا إذا وافق العامل على ذلك كتابة، ومع عدم الإخلال بالحقوق التي اكتسبها العامل في المدة التي قضاها بالأجر الشهري.,"المادة الأربعون : - صدر المرسوم الملكي رقم (م/44) وتاريخ 1446/2/8هـ، وذلك بالموافقة على تعديلات بعض مواد نظام العمل (ويعمل بها من تاريخ 1446/8/20هـ) وعدلت الفقرة (1) من هذه المادة لتكون بالنص الآتي "" يتحمل صاحب العمل رسوم استقدام العامل غير السعودي، ورسوم الإقامة ورخصة العمل وتجديدهما، وما يترتب على تأخير ذلك من غرامات يتسبب بها صاحب العمل، ورسوم تغيير المهنة، والخروج والعودة، وتذكرة عودة العامل إلى موطنه بعد انتهاء العلاقة بين الطرفين "".","المادة الثالثة والأربعون : تم تعديل هذه المادة بموجب المرسوم الملكي رقم ( م/ 46) وتاريخ 5 / 6 / 1436 هـ ؛ لتكون بالنص الآتي ""مع عدم الإخلال بما تنص عليه اتفاقيات الامتياز وغيرها من الاتفاقيات من شروط وقواعد خاصة بالتدريب والتأهيل؛ على كل صاحب عمل يشغّل خمسين عاملاً فأكثر أن يؤهل أو يدرب على أعماله من عماله السعوديين ما لا يقل عن (12%) من مجموع عماله سنوياً، ويدخل ضمن هذه النسبة العمال السعوديون الذين يكملون دراساتهم إذا كان صاحب العمل يتحمل تكاليف الدراسة. وللوزير أن يرفع هذه النسبة في بعض المنشآت التي يحددها بقرار منه""."
ما هو 'التعويض البديل' عن الإشعار؟,"المادة السابعة والسبعون : تم تعديل هذه المادة بموجب المرسوم الملكي رقم ( م/ 46) وتاريخ 5 / 6 / 1436 هـ ؛ لتكون بالنص الآتي ""ما لم يتضمن العقد تعويضاً محدداً مقابل إنهائه من أحد الطرفين لسبب غير مشروع، يستحق الطرف المتضرر من إنهاء العقد تعويضاً على النحو الآتي 1 - أجر خمسة عشر يوماً عن كل سنة من سنوات خدمة العامل، إذا كان العقد غير محدد المدة. 2 - أجر المدة الباقية من العقد إذا كان العقد محدد المدة. 3 - يجب ألا يقل التعويض المشار إليه في الفقرتين (1) و(2) من هذه المادة عن أجر العامل لمدة شهرين"".",المادة الرابعة والثلاثون بعد المائة : تعد الإصابة إصابة عمل وفق ما هو منصوص عليه في نظام التأمينات الاجتماعية، وتعد الأمراض المهنية في حكم إصابات العمل، كما يعد تاريخ أول مشاهدة طبية للمرض في حكم تاريخ الإصابة.,المادة الرابعة والتسعون : 1- إذا حسم من أجر العامل أي مبلغ لسبب غير ما هو منصوص عليه في هذا النظام بغير موافقته الكتابية، أو تأخر صاحب العمل عن أداء أجر العامل في موعد استحقاقه المحدد نظامًا دون مسوغ مشروع كان للعامل أو لمن يمثله أو مدير مكتب العمل المختص أن يتقدم بطلب إلى هيئة تسوية الخلافات العمالية، كي تأمر صاحب العمل أن يرد إلى العامل ما حسمه دون وجه حق، أو يدفع له أجوره المتأخرة. 2 - يجوز للهيئة المذكورة إذا ثبت لديها أن صاحب العمل حسم المبالغ المذكورة أو تأخر في سداد الأجر دون مسوغ أن توقع عليه غرامة لا تتجاوز ضعف ما حسم من أجر العامل أو ضعف قيمة الأجر المتأخر.
ما هي الحقوق في فترة الإشعار؟,"المادة الثالثة والخمسون : تم تعديل هذه المادة بموجب المرسوم الملكي رقم ( م/ 46) وتاريخ 5 / 6 / 1436 هـ ؛ لتكون بالنص الآتي ""إذا كان العامل خاضعاً لفترة تجربة، وجب النص على ذلك صراحة في عقد العمل، وتحديدها بوضوح، بحيث لا تزيد على تسعين يوماً. ويجوز باتفاق مكتوب بين العامل وصاحب العمل تمديد فترة التجربة، على ألا تزيد على مائة وثمانين يوماً. ولا تدخل في حساب فترة التجربة إجازة عيدي الفطر والأضحى والإجازة المرضية. ولكل من الطرفين الحق في إنهاء العقد خلال هذه الفترة ما لم يتضمن العقد نصّا يعطي الحق في الإنهاء لأحدهما"".",المادة التاسعة : اللغة العربية هي الواجبة الاستعمال في البيانات والسجلات والملفات وعقود العمل وغيرها مما هو منصوص عليه في هذا النظام، أو في أي قرار صادر تطبيقًا لأحكامه، وكذلك التعليمات التي يصدرها صاحب العمل لعماله. وإذا استعمل صاحب العمل لغة أجنبية إلى جانب اللغة العربية في أي من الحالات المذكورة فإن النص العربي هو المعتمد دون غيره.,المادة الثالثة بعد المائة : للوزير أن يحدد بقرار منه الحالات والأعمال التي يتحتم فيها استمرار العمل دون فترة راحة لأسباب فنية أو لظروف التشغيل، ويلتزم صاحب العمل في هذه الحالات والأعمال بإعطاء فترة للصلاة والطعام والراحة بطريقة تنظمها إدارة المنشأة أثناء العمل.
ما هو حكم البقشيش (الوهبة)؟,المادة الرابعة والثلاثون بعد المائة : تعد الإصابة إصابة عمل وفق ما هو منصوص عليه في نظام التأمينات الاجتماعية، وتعد الأمراض المهنية في حكم إصابات العمل، كما يعد تاريخ أول مشاهدة طبية للمرض في حكم تاريخ الإصابة.,المادة الخامسة والثلاثون بعد المائة : تعد في حكم الإصابة حالة الانتكاس أو أي مضاعفة تنشأ عنها، ويسري عليها بالنسبة للمعونة والعلاج ما يسري على الإصابة الأصلية.,المادة التاسعة : اللغة العربية هي الواجبة الاستعمال في البيانات والسجلات والملفات وعقود العمل وغيرها مما هو منصوص عليه في هذا النظام، أو في أي قرار صادر تطبيقًا لأحكامه، وكذلك التعليمات التي يصدرها صاحب العمل لعماله. وإذا استعمل صاحب العمل لغة أجنبية إلى جانب اللغة العربية في أي من الحالات المذكورة فإن النص العربي هو المعتمد دون غيره.
هل يجوز تشغيل النساء في الأعمال الخطرة؟,المادة الحادية والستون بعد المائة : لا يجوز تشغيل الأحداث في الأعمال الخطرة أو الصناعات الضارة، أو في المهن والأعمال التي يحتمل أن تعرض صحتهم أو سلامتهم أو أخلاقهم للخطر، بسبب طبيعتها أو الظروف التي تؤدى فيها. ويحدد الوزير بقرار منه الأعمال والصناعات والمهن المشار إليها.,"المادة التاسعة والأربعون بعد المائة : تم تعديل هذه المادة بموجب المرسوم الملكي رقم ( م/ 46) وتاريخ 5 / 6 / 1436 هـ ؛ لتكون بالنص الآتي ""يُحظر تشغيل المرأة في المهن والأعمال الخطرة أو الضارة، ويحدد الوزير – بقرار منه – المهن والأعمال التي تعد خطرة أو ضارة من شأنها أن تعرض النساء لأخطار أو أضرار محددة مما يجب معه حظر عملهن فيها أو تقييده بشروط خاصة"".",المادة الرابعة والستون بعد المائة : لا يجوز تشغيل الأحداث تشغيلًا فعليًّا أكثر من ست ساعات في اليوم الواحد لسائر شهور السنة، عدا شهر رمضان، فيجب ألا تزيد ساعات العمل الفعلية فيه على أربع ساعات. وتنظم ساعات العمل بحيث لا يعمل الحدث أكثر من أربع ساعات متصلة دون فترة أو أكثر للراحة والطعام والصلاة، لا تقل في المرة الواحدة عن نصف ساعة، وبحيث لا يبقى في مكان العمل أكثر من سبع ساعات. ولا يجوز تشغيل الأحداث في أيام الراحة الأسبوعية أو في أيام الأعياد والعطلات الرسمية والإجازة السنوية. ولا تسري عليهم الاستثناءات التي نصت عليها المادة السادسة بعد المائة من هذا النظام.
كم عدد ساعات العمل اليومية القصوى؟,المادة المائة : يجوز لصاحب العمل- بموافقة الوزارة- في المنشآت التي تقتضي طبيعة العمل فيها أداء العمل بالتناوب زيادة ساعات العمل على ثماني ساعات عمل في اليوم أو ثمان وأربعين ساعة في الأسبوع، بشرط ألا يزيد متوسط ساعات العمل عند احتسابه لمدة ثلاثة أسابيع أو أقل على ثماني ساعات يوميًّا أو ثمان وأربعين ساعة أسبوعيًّا.,المادة السادسة بعد المائة : يجوز لصاحب العمل عدم التقيد بأحكام المواد الثامنة والتسعين والأولى بعد المائة والفقرة (1) من المادة الرابعة بعد المائة من هذا النظام في الحالات الآتية 1 - أعمال الجرد السنوي، وإعداد الميزانية، والتصفية، وقفل الحسابات، والاستعداد للبيع بأثمان مخفضة، والاستعداد للمواسم، بشرط ألا يزيد عدد الأيام التي يشتغل فيها العمال على ثلاثين يومًا في السنة. 2 - إذا كان العمل لمنع وقوع حادث خطر، أو إصلاح ما نشأ عنه، أو تلافي خسارة محققة لمواد قابلة للتلف. 3 - إذا كان التشغيل بقصد مواجهة ضغط عمل غير عادي. 4 - الأعياد والمواسم والمناسبات الأخرى والأعمال الموسمية التي تحدد بقرار من الوزير. ولا يجوز في جميع الحالات المتقدمة أن تزيد ساعات العمل الفعلية على عشر ساعات في اليوم، أو ستين ساعة في الأسبوع. ويحدد الوزير بقرار منه الحد الأقصى لساعات العمل الإضافية التي يسمح بها في السنة.,المادة الرابعة والستون بعد المائة : لا يجوز تشغيل الأحداث تشغيلًا فعليًّا أكثر من ست ساعات في اليوم الواحد لسائر شهور السنة، عدا شهر رمضان، فيجب ألا تزيد ساعات العمل الفعلية فيه على أربع ساعات. وتنظم ساعات العمل بحيث لا يعمل الحدث أكثر من أربع ساعات متصلة دون فترة أو أكثر للراحة والطعام والصلاة، لا تقل في المرة الواحدة عن نصف ساعة، وبحيث لا يبقى في مكان العمل أكثر من سبع ساعات. ولا يجوز تشغيل الأحداث في أيام الراحة الأسبوعية أو في أيام الأعياد والعطلات الرسمية والإجازة السنوية. ولا تسري عليهم الاستثناءات التي نصت عليها المادة السادسة بعد المائة من هذا النظام.
هل يسمح بدخول أي شخص للمنجم؟,المادة الثانية والستون بعد المائة : 1- لا يجوز تشغيل أي شخص لم يتم الخامسة عشرة من عمره ولا يسمح له بدخول أماكن العمل، وللوزير أن يرفع هذه السن في بعض الصناعات أو المناطق أو بالنسبة لبعض فئات الأحداث بقرار منه . 2 - استثناء من الفقرة (1) من هذه المادة يجوز للوزير أن يسمح بتشغيل أو عمل الأشخاص الذين تتراوح أعمارهم ما بين 13- 15 سنة في أعمال خفيفة، يراعى فيها الآتي 2 /1 - ألا يحتمل أن تكون ضارة بصحتهم أو نموهم. 2 /2 - ألا تعطل مواظبتهم في المدرسة واشتراكهم في برامج التوجيه أو التدريب المهني، ولا تضعف قدرتهم على الاستفادة من التعليم الذي يتلقونه.,المادة الثالثة والستون : على صاحب العمل أو وكيله أو أي شخص له سلطة على العمال، منع دخول أي مادة محرمة شرعًا إلى أماكن العمل، ويطبق بحق من وجدت لديه أو من تعاطاها العقوبات المقررة في هذا النظام، مع عدم الإخلال بالعقوبات الشرعية.,"المادة السادسة والثمانون بعد المائة : - عُدلت هذه المادة وذلك بموجب المرسوم الملكي رقم (م / 5) وتاريخ 7 / 1 / 1442هـ، لتكون بالنص الآتي ""لا يجوز تشغيل أي شخص في المنجم أو المحجر لم يتم الثامنة عشرة من العمر""."
أين أجد تفاصيل أكثر عن صندوق الموارد البشرية؟,"المادة الثانية والأربعون بعد المائتين : تم تعديل هذه المادة ونقلها لتكون (الثانية والثلاثين بعد المائتين) بموجب المرسوم الملكي رقم ( م/ 46) وتاريخ 5 / 6 / 1436 هـ ؛ بالنص الآتي ""المادة الثانية والثلاثون بعد المائتين يتم تحصيل الغرامات المقررة بموجب هذا النظام، وفقاً للإجراءات المتبعة في تحصيل الأموال العامة، وتؤول المبالغ إلى صندوق تنمية الموارد البشرية"".",المادة الخامسة والأربعون بعد المائة : يجوز لصاحب العمل بعد موافقة الوزير إنشاء صندوق للتوفير والادخار، على أن تكون مساهمة العمال فيه اختيارية. ويجب إعلان الأحكام المنظمة لكل ما يتصل بقواعد عمل هذا الصندوق.,المادة الحادية والسبعون بعد المائة : يجب أن ينص في عقد العمل البحري على تاريخ إبرامه ومكانه، واسم المجهز، واسم البحار ولقبه وسنه وجنسيته وموطنه، ونوع العمل المكلف به، وكيفية أدائه، والشهادة التي تتيح له العمل في الملاحة البحرية، والتذكرة الشخصية البحرية، ومقدار الأجر، ومدة العقد، أما إذا كان العقد لسفرة واحدة فيجب تحديد المدينة أو المرفأ البحري الذي تنتهي عنده الرحلة، وفي أي مرحلة من مراحل تفريغ السفينة أو تحميلها في هذا المرفأ ينتهي العمل، وغير ذلك من تفاصيل العقد. ويكون العقد من ثلاث نسخ نسخة لمجهز السفينة، ونسخة للربان للاحتفاظ بها على ظهر السفينة، ونسخة للبحار.
ماذا يفعل العامل إذا أصيب إصابة عمل؟,المادة التاسعة والعشرون : إذا أصيب أي عامل إصابة عمل نتج عنها نقص في قدراته المعتادة لا يمنعه من أداء عمل آخر غير عمله السابق، فإن على صاحب العمل الذي وقعت إصابة العامل بسبب العمل لديه توظيفه في العمل المناسب بالأجر المحدد لهذا العمل. ولا يخل هذا بما يستحقه من تعويض عن إصابته.,المادة الثالثة والثلاثون بعد المائة : إذا أصيب العامل بإصابة عمل، أو بمرض مهني، فإن صاحب العمل يلتزم بعلاجه، ويتحمل جميع النفقات اللازمة لذلك، بطريقة مباشرة أو غير مباشرة، بما فيها الإقامة في المستشفى، والفحوص والتحاليل الطبية، والأشعة، والأجهزة التعويضية، ونفقات الانتقال إلى أماكن العلاج.,المادة التاسعة والثلاثون بعد المائة : لا يلزم صاحب العمل بما ورد في المواد الثالثة والثلاثين بعد المائة والسابعة والثلاثين بعد المائة والثامنة والثلاثين بعد المائة من هذا النظام إذا ثبت أي مما يأتي 1 - أن العامل تعمد إصابة نفسه. 2 - أن الإصابة حدثت بسبب سوء سلوك مقصود من جانب العامل. 3 - أن العامل امتنع عن عرض نفسه على طبيب، أو امتنع عن قبول معالجة الطبيب المكلف بعلاجه من قبل صاحب العمل دون سبب مشروع.
ما هي عقوبة عدم توفير مكان للصلاة في المصنع؟,المادة السادسة والأربعون بعد المائة : يلزم صاحب العمل وعلى نفقته بالنسبة لمن يؤدي عملًا في الأماكن البعيدة عن العمران بكل ما يأتي أو بعضه وفقًا لما يحدده الوزير 1 - توفير حوانيت لبيع الطعام والملابس وغير ذلك من الحاجات الضرورية بأسعار معتدلة، وذلك في مناطق العمل التي لا تتوافر فيها عادة تلك الحوانيت. 2 - توفير وسائل ترفيه وتثقيف مناسبة وملاعب رياضية ملحقة بأماكن العمل. 3 - إجراء ما يلزم من الترتيبات الطبية المناسبة للمحافظة على صحة العمال وعلاج أسرهم علاجًا شاملًا. (ويقصد بالأسرة الزوج والأولاد والأم والأب المقيمون معه). 4 - توفير مدارس لتعليم أولاد العمال إذا لم يتوافر في المنطقة مدارس كافية. 5 - إعداد مساجد أو مصليات في أماكن العمل. 6 - إعداد برامج لمحو الأمية بين العمال. وتحدد اللائحة الأماكن البعيدة عن العمران.,المادة الثانية والعشرون بعد المائة : على كل صاحب عمل أن يتخذ الاحتياطات اللازمة لحماية العمال من الأخطار والأمراض الناجمة عن العمل، والآلات المستعملة، ووقاية العمل وسلامته، وعليه أن يعلن في مكان ظاهر في المنشأة التعليمات الخاصة بسلامة العمل والعمال، وذلك باللغة العربية وبأي لغة أخرى يفهمها العمال عند الاقتضاء، ولا يجوز لصاحب العمل أن يحمّل العمال أو يقتطع من أجورهم أي مبلغ لقاء توفير هذه الحماية.,المادة الثالثة بعد المائة : للوزير أن يحدد بقرار منه الحالات والأعمال التي يتحتم فيها استمرار العمل دون فترة راحة لأسباب فنية أو لظروف التشغيل، ويلتزم صاحب العمل في هذه الحالات والأعمال بإعطاء فترة للصلاة والطعام والراحة بطريقة تنظمها إدارة المنشأة أثناء العمل.
ما هي المدة القصوى لفترة التجربة في عقد العمل؟,"المادة الثالثة والخمسون : تم تعديل هذه المادة بموجب المرسوم الملكي رقم ( م/ 46) وتاريخ 5 / 6 / 1436 هـ ؛ لتكون بالنص الآتي ""إذا كان العامل خاضعاً لفترة تجربة، وجب النص على ذلك صراحة في عقد العمل، وتحديدها بوضوح، بحيث لا تزيد على تسعين يوماً. ويجوز باتفاق مكتوب بين العامل وصاحب العمل تمديد فترة التجربة، على ألا تزيد على مائة وثمانين يوماً. ولا تدخل في حساب فترة التجربة إجازة عيدي الفطر والأضحى والإجازة المرضية. ولكل من الطرفين الحق في إنهاء العقد خلال هذه الفترة ما لم يتضمن العقد نصّا يعطي الحق في الإنهاء لأحدهما"".","المادة الرابعة والخمسون : تم تعديل هذه المادة بموجب المرسوم الملكي رقم ( م/ 46) وتاريخ 5 / 6 / 1436 هـ ؛ لتكون بالنص الآتي ""لا يجوز وضع العامل تحت التجربة أكثر من مرة واحدة لدى صاحب عمل واحد. واستثناء من ذلك يجوز باتفاق طرفي العقد - كتابة - إخضاع العامل لفترة تجربة أخرى بشرط أن تكون في مهنة أخرى أو عمل آخر، أو أن يكون قد مضى على انتهاء علاقة العامل بصاحب العمل مدة لا تقل عن ستة أشهر. وإذا أنهي العقد خلال فترة التجربة فإن أيًّا من الطرفين لا يستحق تعويضاً، كما لا يستحق العامل مكافأة نهاية الخدمة عن ذلك"".","المادة الخامسة والخمسون : تم تعديل هذه المادة بموجب المرسوم الملكي رقم ( م/ 46) وتاريخ 5 / 6 / 1436 هـ ؛ لتكون بالنص الآتي ""1 - ينتهي عقد العمل المحدد المدة بانقضاء مدته، فإذا استمر طرفاه في تنفيذ عُدَّ العقدُ مجدداً لمدة غير محددة. مع مراعاة ما نصت عليه المادة (السابعة والثلاثون) من هذا النظام بالنسبة إلى غير السعوديين. 2 - إذا تضمن العقد المحدد المدة شرطاً يقضي بتجديده لمدة مماثلة أو لمدة محددة، فإنه يتجدد للمدة المتفق عليها. فإن تعدد التجديد ثلاث مرات متتالية، أو بلغت مدة العقد الأصلي مع مدة التجديد أربع سنوات أيهما أقل واستمر الطرفان في تنفيذه؛ تحوّل العقد إلى عقد غير محدد المدة""."
هل يجوز للعامل العمل لدى الغير؟,"المادة التاسعة والثلاثون : تم تعديل هذه المادة بموجب المرسوم الملكي رقم ( م / 24 ) وتاريخ 12 / 5 / 1434 هـ ، لتصبح بالنص الآتى ""المادة التاسعة والثلاثون 1 ) لا يجوز - بغير اتباع القواعد والاجراءات النظامية المقررة – أن يترك صاحب العمل عامله يعمل لدى الغير، ولا يجوز للعامل أن يعمل لدى صاحب عمل آخر، كما لا يجوز لصاحب العمل توظيف عامل غيره، وتتولى وزارة العمل التفتيش على المنشآت، والتحقيق في المخالفات التي يتم ضبطها من قبل مفتشيها، ومن ثم إحالتها إلى وزارة الداخلية لتطبيق العقوبات المقررة بشأنها. 2 ) لا يجوز لصاحب العمل أن يترك عامله يعمل لحسابه الخاص، كما لا يجوز للعامل أن يعمل لحسابه الخاص، وتتولى وزارة الداخلية ضبط وإيقاف وترحيل وإيقاع العقوبات على المخالفين من العاملين لحسابهم الخاص (العمالة السائبة) في الشوارع والميادين والمتغيبين عن العمل (الهاربين) وكذلك أصحاب العمل والمشغلين لهؤلاء والمتسترين عليهم والناقلين لهم وكل من له دور في المخالفة وتطبيق العقوبات المقررة بحقهم "".",المادة الثامنة عشرة بعد المائة : لا يجوز للعامل أثناء تمتعه بأي من إجازاته المنصوص عليها في هذا الفصل أن يعمل لدى صاحب عمل آخر، فإذا أثبت صاحب العمل أن العامل قد خالف ذلك فله أن يحرمه من أجره عن مدة الإجازة أو يسترد ما سبق أن أداه إليه من ذلك الأجر.,المادة الرابعة عشرة بعد المائة : للعامل الحق في الحصول على إجازة بأجر لا تقل مدتها عن عشرة أيام ولا تزيد على خمسة عشر يومًا بما فيها إجازة عيد الأضحى؛ وذلك لأداء فريضة الحج لمرة واحدة طوال مدة خدمته إذا لم يكن قد أداها من قبل، ويشترط لاستحقاق هذه الإجازة أن يكون العامل قد أمضى في العمل لدى صاحب العمل سنتين متصلتين على الأقل، ولصاحب العمل أن يحدد عدد العمال الذين يمنحون هذه الإجازة سنويًّا وفقًا لمقتضيات العمل.
هل يعفى المخالف من تصحيح المخالفة بعد دفع الغرامة؟,"المادة الرابعة والثلاثون بعد المائتين : تم تعديل أحكام المواد (التاسعة والعشرين بعد المائتين)، و(الثلاثين بعد المائتين)، و(الحادية والثلاثين بعد المائتين)، و(الثانية والثلاثين بعد المائتين)، و(الثالثة والثلاثين بعد المائتين)، و(الرابعة والثلاثين بعد المائتين)، و(الخامسة والثلاثين بعد المائتين)، و(السادسة والثلاثين بعد المائتين)، و(السابعة والثلاثين بعد المائتين)، و(السادسة والثلاثين بعد المائتين)، و(السابعة والثلاثين بعد المائتين)، و(الثامنة والثلاثين بعد المائتين)، و(التاسعة والثلاثين بعد المائتين)، و(الحادية والأربعين بعد المائتين)؛ وإعادة صياغة هذه المواد بعد تعديل أحكامها لتكون في مادتين بموجب المرسوم الملكي رقم ( م/ 46) وتاريخ 5 / 6 / 1436 هـ ؛ على النحو الآتي ""المادة التاسعة والعشرون بعد المائتين 1 - مع عدم الإخلال بأي عقوبة أشد ينص عليها نظام آخر، يعاقب كل من يخل بأي حكم من أحكام هذا النظام أو لائحته أو القرارات الصادرة تنفيذا له، بعقوبة أو أكثر من العقوبات الآتية أ - غرامة مالية لا تتجاوز مائة ألف ريـال. ب - إغلاق المنشأة لمدة لا تزيد على ثلاثين يوماً. ج - إغلاق المنشأة نهائيًّا. 2 - يجوز مضاعفة العقوبة الموقعة على المخالف في حال تكرار ارتكاب لمخالفة. 3 - تتعدد الغرامات بتعدد الأشخاص الذين وقعت المخالفة في شأنهم"". "" المادة الثلاثون بعد المائتين 1 - للوزارة – بقرار من الوزير أو من ينيبه – إيقاع العقوبتين أو إحداهما المنصوص عليهما في الفقرتين الفرعيتين (أ) و(ب) من الفقرة (1) من المادة (التاسعة والعشرين بعد المائتين) من هذا النظام، بما لا يتجاوز نصف الحد الأعلى المقرر لأي منهما، ويجوز التظلم من القرار الصادر بالعقوبة أمام المحكمة الإدارية المختصة. 2 - يصدر – بقرار من الوزير – جدول تُحدد فيه المخالفات والعقوبات المقابلة لها التي لا تتجاوز نصف الحد الأعلى للعقوبتين الواردتين في الفقرتين الفرعيتين (أ) و(ب) من الفقرة (1) من المادة (التاسعة والعشرين بعد المائتين) من هذا النظام، ويراعى في ذلك التدرج في تحديد مقدارها وتناسبها مع جسامة المخالفة. 3 - يصدر – بقرار من الوزير – جدول تحدد فيه المخالفات التي تتجاوز عقوباتها نصف الحد الأعلى للعقوبتين الواردتين في الفقرتين الفرعيتين (أ) و(ب) من الفقرة (1) من المادة (التاسعة والعشرين بعد المائتين) من هذا النظام، وتحدد فيه كذلك المخالفات التي تكون عقوبتها العقوبة الواردة في الفقرة الفرعية (ج) من الفقرة (1) من المادة المذكورة. 4 - إذا كانت المخالفة تستوجب عقوبة تزيد على نصف الحد الأعلى المقرر لها، أو كانت من المخالفات التي تستوجب عقوبة الإغلاق النهائي للمنشأة وفقاً للجدول المنصوص عليه في الفقرة (3) من هذه المادة؛ فترفع الوزارة دعوى أمام المحكمة المختصة للنظر فيها وإيقاع العقوبة المناسبة المنصوص عليها في المادة (التاسعة والعشرين بعد المائتين) من هذا النظام. 5 - يجوز الاتفاق بين الوزارة والمخالف على تسوية المخالفة، وذلك بدفع مبلغ الغرامة الذي تقدره الوزارة، على أن يصدر بهذه التسوية قرار من الوزير"".","المادة الثلاثون بعد المائتين : تم تعديل أحكام المواد (التاسعة والعشرين بعد المائتين)، و(الثلاثين بعد المائتين)، و(الحادية والثلاثين بعد المائتين)، و(الثانية والثلاثين بعد المائتين)، و(الثالثة والثلاثين بعد المائتين)، و(الرابعة والثلاثين بعد المائتين)، و(الخامسة والثلاثين بعد المائتين)، و(السادسة والثلاثين بعد المائتين)، و(السابعة والثلاثين بعد المائتين)، و(السادسة والثلاثين بعد المائتين)، و(السابعة والثلاثين بعد المائتين)، و(الثامنة والثلاثين بعد المائتين)، و(التاسعة والثلاثين بعد المائتين)، و(الحادية والأربعين بعد المائتين)؛ وإعادة صياغة هذه المواد بعد تعديل أحكامها لتكون في مادتين بموجب المرسوم الملكي رقم ( م/ 46) وتاريخ 5 / 6 / 1436 هـ ؛ على النحو الآتي ""المادة التاسعة والعشرون بعد المائتين 1 – مع عدم الإخلال بأي عقوبة أشد ينص عليها نظام آخر، يعاقب كل من يخل بأي حكم من أحكام هذا النظام أو لائحته أو القرارات الصادرة تنفيذا له، بعقوبة أو أكثر من العقوبات الآتية أ – غرامة مالية لا تتجاوز مائة ألف ريـال. ب – إغلاق المنشأة لمدة لا تزيد على ثلاثين يوماً. ج – إغلاق المنشأة نهائيًّا. 2 – يجوز مضاعفة العقوبة الموقعة على المخالف في حال تكرار ارتكاب لمخالفة. 3 – تتعدد الغرامات بتعدد الأشخاص الذين وقعت المخالفة في شأنهم"". "" المادة الثلاثون بعد المائتين 1 – للوزارة – بقرار من الوزير أو من ينيبه – إيقاع العقوبتين أو إحداهما المنصوص عليهما في الفقرتين الفرعيتين (أ) و(ب) من الفقرة (1) من المادة (التاسعة والعشرين بعد المائتين) من هذا النظام، بما لا يتجاوز نصف الحد الأعلى المقرر لأي منهما، ويجوز التظلم من القرار الصادر بالعقوبة أمام المحكمة الإدارية المختصة. 2 – يصدر – بقرار من الوزير – جدول تُحدد فيه المخالفات والعقوبات المقابلة لها التي لا تتجاوز نصف الحد الأعلى للعقوبتين الواردتين في الفقرتين الفرعيتين (أ) و(ب) من الفقرة (1) من المادة (التاسعة والعشرين بعد المائتين) من هذا النظام، ويراعى في ذلك التدرج في تحديد مقدارها وتناسبها مع جسامة المخالفة. 3 – يصدر – بقرار من الوزير – جدول تحدد فيه المخالفات التي تتجاوز عقوباتها نصف الحد الأعلى للعقوبتين الواردتين في الفقرتين الفرعيتين (أ) و(ب) من الفقرة (1) من المادة (التاسعة والعشرين بعد المائتين) من هذا النظام، وتحدد فيه كذلك المخالفات التي تكون عقوبتها العقوبة الواردة في الفقرة الفرعية (ج) من الفقرة (1) من المادة المذكورة. 4 – إذا كانت المخالفة تستوجب عقوبة تزيد على نصف الحد الأعلى المقرر لها، أو كانت من المخالفات التي تستوجب عقوبة الإغلاق النهائي للمنشأة وفقاً للجدول المنصوص عليه في الفقرة (3) من هذه المادة؛ فترفع الوزارة دعوى أمام المحكمة المختصة للنظر فيها وإيقاع العقوبة المناسبة المنصوص عليها في المادة (التاسعة والعشرين بعد المائتين) من هذا النظام. 5 – يجوز الاتفاق بين الوزارة والمخالف على تسوية المخالفة، وذلك بدفع مبلغ الغرامة الذي تقدره الوزارة، على أن يصدر بهذه التسوية قرار من الوزير"".","المادة الحادية والأربعون بعد المائتين : تم تعديل أحكام المواد (التاسعة والعشرين بعد المائتين)، و(الثلاثين بعد المائتين)، و(الحادية والثلاثين بعد المائتين)، و(الثانية والثلاثين بعد المائتين)، و(الثالثة والثلاثين بعد المائتين)، و(الرابعة والثلاثين بعد المائتين)، و(الخامسة والثلاثين بعد المائتين)، و(السادسة والثلاثين بعد المائتين)، و(السابعة والثلاثين بعد المائتين)، و(السادسة والثلاثين بعد المائتين)، و(السابعة والثلاثين بعد المائتين)، و(الثامنة والثلاثين بعد المائتين)، و(التاسعة والثلاثين بعد المائتين)، و(الحادية والأربعين بعد المائتين)؛ وإعادة صياغة هذه المواد بعد تعديل أحكامها لتكون في مادتين بموجب المرسوم الملكي رقم ( م/ 46) وتاريخ 5 / 6 / 1436 هـ ؛ على النحو الآتي ""المادة التاسعة والعشرون بعد المائتين 1 – مع عدم الإخلال بأي عقوبة أشد ينص عليها نظام آخر، يعاقب كل من يخل بأي حكم من أحكام هذا النظام أو لائحته أو القرارات الصادرة تنفيذا له، بعقوبة أو أكثر من العقوبات الآتية أ – غرامة مالية لا تتجاوز مائة ألف ريـال. ب – إغلاق المنشأة لمدة لا تزيد على ثلاثين يوماً. ج – إغلاق المنشأة نهائيًّا. 2 – يجوز مضاعفة العقوبة الموقعة على المخالف في حال تكرار ارتكاب لمخالفة. 3 – تتعدد الغرامات بتعدد الأشخاص الذين وقعت المخالفة في شأنهم"". "" المادة الثلاثون بعد المائتين 1 – للوزارة – بقرار من الوزير أو من ينيبه – إيقاع العقوبتين أو إحداهما المنصوص عليهما في الفقرتين الفرعيتين (أ) و(ب) من الفقرة (1) من المادة (التاسعة والعشرين بعد المائتين) من هذا النظام، بما لا يتجاوز نصف الحد الأعلى المقرر لأي منهما، ويجوز التظلم من القرار الصادر بالعقوبة أمام المحكمة الإدارية المختصة. 2 – يصدر – بقرار من الوزير – جدول تُحدد فيه المخالفات والعقوبات المقابلة لها التي لا تتجاوز نصف الحد الأعلى للعقوبتين الواردتين في الفقرتين الفرعيتين (أ) و(ب) من الفقرة (1) من المادة (التاسعة والعشرين بعد المائتين) من هذا النظام، ويراعى في ذلك التدرج في تحديد مقدارها وتناسبها مع جسامة المخالفة. 3 – يصدر – بقرار من الوزير – جدول تحدد فيه المخالفات التي تتجاوز عقوباتها نصف الحد الأعلى للعقوبتين الواردتين في الفقرتين الفرعيتين (أ) و(ب) من الفقرة (1) من المادة (التاسعة والعشرين بعد المائتين) من هذا النظام، وتحدد فيه كذلك المخالفات التي تكون عقوبتها العقوبة الواردة في الفقرة الفرعية (ج) من الفقرة (1) من المادة المذكورة. 4 – إذا كانت المخالفة تستوجب عقوبة تزيد على نصف الحد الأعلى المقرر لها، أو كانت من المخالفات التي تستوجب عقوبة الإغلاق النهائي للمنشأة وفقاً للجدول المنصوص عليه في الفقرة (3) من هذه المادة؛ فترفع الوزارة دعوى أمام المحكمة المختصة للنظر فيها وإيقاع العقوبة المناسبة المنصوص عليها في المادة (التاسعة والعشرين بعد المائتين) من هذا النظام. 5 – يجوز الاتفاق بين الوزارة والمخالف على تسوية المخالفة، وذلك بدفع مبلغ الغرامة الذي تقدره الوزارة، على أن يصدر بهذه التسوية قرار من الوزير""."
ما هي حقوق العامل في حالة بيع المنشأة؟,المادة السادسة والخمسون : في جميع الحالات التي يتجدد فيها العقد لمدة محددة، تعد المدة التي تجدد إليها العقد امتدادًا للمدة الأصلية في تحديد حقوق العامل التي تدخل مدة الخدمة في حسابها.,المادة الثانية والتسعون : لا يجوز حسم أي مبلغ من أجور العامل لقاء حقوق خاصة دون موافقة خطية منه، إلا في الحالات الآتية 1 - استرداد قروض صاحب العمل، بشرط ألا يزيد ما يحسم من العامل في هذه الحالة على 10% من أجره. 2 - اشتراكات التأمينات الاجتماعية ، وأي اشتراكات أخرى مستحقة على العامل ومقررة نظامًا. 3 - اشتراكات العامل في صندوق الادخار والقروض المستحقة للصندوق. 4 - أقساط أي مشروع يقوم به صاحب العمل لبناء المساكن بقصد تمليكها للعمال أو أي مزية أخرى. 5 - الغرامات التي توقع على العامل بسبب المخالفات التي يرتكبها، وكذلك المبلغ الذي يقتطع منه مقابل ما أتلفه. 6 - استيفاء دين إنفاذًا لأي حكم قضائي، على ألَّا يزيد ما يحسم شهريًّا لقاء ذلك على ربع الأجر المستحق للعامل ما لم يتضمن الحكم خلاف ذلك. ويستوفى دين النفقة أولًا، ثم دين المأكل والملبس والمسكن قبل الديون الأخرى.,المادة الحادية والتسعون : 1- إذا تسبب عامل في فقد أو إتلاف أو تدمير آلات أو منتجات يملكها صاحب العمل أو هي في عهدته وكان ذلك ناشئًا عن خطأ العامل أو مخالفته تعليمات صاحب العمل ولم يكن نتيجة لخطأ الغير أو ناشئًا عن قوة قاهرة، فلصاحب العمل أن يقتطع من أجر العامل المبلغ اللازم للإصلاح أو لإعادة الوضع إلى ما كان عليه على ألا يزيد ما يقتطع لهذا الغرض على أجر خمسة أيام في كل شهر، ولصاحب العمل الحق في التظلم عند الاقتضاء، وذلك بطلب ما هو أكثر من ذلك إذا كان للعامل مال آخر يمكن الاستيفاء منه، وللعامل أن يتظلم مما نسب إليه أو من تقدير صاحب العمل للتعويض أمام هيئة تسوية الخلافات العمالية، فإذا حكمت بعدم أحقية صاحب العمل في الرجوع على العامل بما اقتطعه منه أو حكمت بأقل منه وجب على صاحب العمل أن يرد إلى العامل ما اقتطع منه دون وجه حق خلال سبعة أيام من تاريخ صدور الحكم. 2 - يكون تظلم أي من الطرفين خلال خمسة عشر يوم عمل، وإلا سقط الحق فيه، ويبدأ موعد التظلم بالنسبة إلى صاحب العمل من تاريخ اكتشاف الواقعة، وبالنسبة إلى العامل من تاريخ إبلاغ صاحب العمل له بذلك.
هل يحق للعامل إجازة زواج؟,المادة الرابعة والخمسون بعد المائة : يحق للمرأة العاملة عندما تعود إلى مزاولة عملها بعد إجازة الوضع أن تأخذ بقصد إرضاع مولودها فترة أو فترات للاستراحة لا تزيد في مجموعها على الساعة في اليوم الواحد، وذلك علاوة على فترات الراحة الممنوحة لجميع العمال، وتحسب هذه الفترة أو الفترات من ساعات العمل الفعلية، ولا يترتب عليها تخفيض الأجر.,المادة السابعة عشرة بعد المائة : للعامل الذي يثبت مرضه الحق في إجازة مرضية بأجر عن الثلاثين يومًا الأولى، وبثلاثة أرباع الأجر عن الستين يومًا التالية، ودون أجر للثلاثين يومًا التي تلي ذلك خلال السنة الواحدة، سواء أكانت هذه الإجازات متصلة أم متقطعة، ويقصد بالسنة الواحدة السنة التي تبدأ من تاريخ أول إجازة مرضية.,المادة السادسة عشرة بعد المائة : يجوز للعامل بموافقة صاحب العمل الحصول على إجازة دون أجر، يتفق الطرفان على تحديد مدتها، ويعد عقد العمل موقوفًا خلال مدة الإجازة فيما زاد على عشرين يومًا، ما لم يتفق الطرفان على خلاف ذلك.
هل يجب التحقيق مع العامل قبل توقيع الجزاء؟,المادة التاسعة والستون : لا يجوز اتهام العامل بمخالفة مضى على كشفها أكثر من ثلاثين يومًا، ولا يجوز توقيع جزاء تأديبي بعد تاريخ انتهاء التحقيق في المخالفة وثبوتها في حق العامل بأكثر من ثلاثين يومًا.,"المادة الثالثة والسبعون : تم تعديل هذه المادة بموجب المرسوم الملكي رقم ( م/ 46) وتاريخ 5 / 6 / 1436 هـ ؛ لتكون بالنص الآتي ""يجب على صاحب العمل أن يكتب الغرامات التي يوقعها على العامل في سجل خاص، مع بيان اسم العامل ومقدار أجره ومقدار الغرامة وسبب توقيعها وتاريخ ذلك. ولا يجوز التصرف في الغرامات إلا فيما يعود بالنفع على عمال المنشأة، على أن يكون التصرف بهذه الغرامات من قبل اللجنة العمالية في المنشأة، وفي حالة عدم وجود لجنة يكون التصرف في الغرامات بموافقة الوزارة"".",المادة السبعون : لا يجوز توقيع جزاء تأديبي على العامل لأمر ارتكبه خارج مكان العمل ما لم يكن متصلًا بالعمل أو بصاحبه أو مديره المسؤول، كما لا يجوز أن يوقع على العامل عن المخالفة الواحدة غرامة تزيد قيمتها على أجرة خمسة أيام، ولا توقيع أكثر من جزاء واحد على المخالفة الواحدة، ولا أن تُقتطع من أجره وفاءً للغرامات التي توقع عليه أكثر من أجر خمسة أيام في الشهر الواحد، ولا أن تزيد مدة إيقافه عن العمل دون أجر على خمسة أيام في الشهر.
أين أجد تفاصيل أكثر عن ذوي الإعاقة؟,المادة الحادية والسبعون بعد المائة : يجب أن ينص في عقد العمل البحري على تاريخ إبرامه ومكانه، واسم المجهز، واسم البحار ولقبه وسنه وجنسيته وموطنه، ونوع العمل المكلف به، وكيفية أدائه، والشهادة التي تتيح له العمل في الملاحة البحرية، والتذكرة الشخصية البحرية، ومقدار الأجر، ومدة العقد، أما إذا كان العقد لسفرة واحدة فيجب تحديد المدينة أو المرفأ البحري الذي تنتهي عنده الرحلة، وفي أي مرحلة من مراحل تفريغ السفينة أو تحميلها في هذا المرفأ ينتهي العمل، وغير ذلك من تفاصيل العقد. ويكون العقد من ثلاث نسخ نسخة لمجهز السفينة، ونسخة للربان للاحتفاظ بها على ظهر السفينة، ونسخة للبحار.,المادة الرابعة والستون بعد المائة : لا يجوز تشغيل الأحداث تشغيلًا فعليًّا أكثر من ست ساعات في اليوم الواحد لسائر شهور السنة، عدا شهر رمضان، فيجب ألا تزيد ساعات العمل الفعلية فيه على أربع ساعات. وتنظم ساعات العمل بحيث لا يعمل الحدث أكثر من أربع ساعات متصلة دون فترة أو أكثر للراحة والطعام والصلاة، لا تقل في المرة الواحدة عن نصف ساعة، وبحيث لا يبقى في مكان العمل أكثر من سبع ساعات. ولا يجوز تشغيل الأحداث في أيام الراحة الأسبوعية أو في أيام الأعياد والعطلات الرسمية والإجازة السنوية. ولا تسري عليهم الاستثناءات التي نصت عليها المادة السادسة بعد المائة من هذا النظام.,المادة السبعون : لا يجوز توقيع جزاء تأديبي على العامل لأمر ارتكبه خارج مكان العمل ما لم يكن متصلًا بالعمل أو بصاحبه أو مديره المسؤول، كما لا يجوز أن يوقع على العامل عن المخالفة الواحدة غرامة تزيد قيمتها على أجرة خمسة أيام، ولا توقيع أكثر من جزاء واحد على المخالفة الواحدة، ولا أن تُقتطع من أجره وفاءً للغرامات التي توقع عليه أكثر من أجر خمسة أيام في الشهر الواحد، ولا أن تزيد مدة إيقافه عن العمل دون أجر على خمسة أيام في الشهر.
هل تؤثر الإجازة بدون راتب على موعد استحقاق الإجازة السنوية؟,المادة العاشرة بعد المائة : 1- للعامل بموافقة صاحب العمل أن يؤجل إجازته السنوية أو أيامًا منها إلى السنة التالية. 2 - لصاحب العمل حق تأجيل إجازة العامل بعد نهاية سنة استحقاقها إذا اقتضت ظروف العمل ذلك لمدة لا تزيد على تسعين يومًا، فإذا اقتضت ظروف العمل استمرار التأجيل وجب الحصول على موافقة العامل كتابة، على ألا يتعدى التأجيل نهاية السنة التالية لسنة استحقاق الإجازة.,المادة الحادية عشرة بعد المائة : للعامل الحق في الحصول على أجرة عن أيام الإجازة المستحقة إذا ترك العمل قبل استعماله لها، وذلك بالنسبة إلى المدة التي لم يحصل على إجازته عنها، كما يستحق أجرة الإجازة عن أجزاء السنة بنسبة ما قضاه منها في العمل.,المادة الرابعة عشرة بعد المائة : للعامل الحق في الحصول على إجازة بأجر لا تقل مدتها عن عشرة أيام ولا تزيد على خمسة عشر يومًا بما فيها إجازة عيد الأضحى؛ وذلك لأداء فريضة الحج لمرة واحدة طوال مدة خدمته إذا لم يكن قد أداها من قبل، ويشترط لاستحقاق هذه الإجازة أن يكون العامل قد أمضى في العمل لدى صاحب العمل سنتين متصلتين على الأقل، ولصاحب العمل أن يحدد عدد العمال الذين يمنحون هذه الإجازة سنويًّا وفقًا لمقتضيات العمل.
هل يجوز للعامل المستقيل الرجوع في استقالته؟,المادة الحادية والتسعون : 1- إذا تسبب عامل في فقد أو إتلاف أو تدمير آلات أو منتجات يملكها صاحب العمل أو هي في عهدته وكان ذلك ناشئًا عن خطأ العامل أو مخالفته تعليمات صاحب العمل ولم يكن نتيجة لخطأ الغير أو ناشئًا عن قوة قاهرة، فلصاحب العمل أن يقتطع من أجر العامل المبلغ اللازم للإصلاح أو لإعادة الوضع إلى ما كان عليه على ألا يزيد ما يقتطع لهذا الغرض على أجر خمسة أيام في كل شهر، ولصاحب العمل الحق في التظلم عند الاقتضاء، وذلك بطلب ما هو أكثر من ذلك إذا كان للعامل مال آخر يمكن الاستيفاء منه، وللعامل أن يتظلم مما نسب إليه أو من تقدير صاحب العمل للتعويض أمام هيئة تسوية الخلافات العمالية، فإذا حكمت بعدم أحقية صاحب العمل في الرجوع على العامل بما اقتطعه منه أو حكمت بأقل منه وجب على صاحب العمل أن يرد إلى العامل ما اقتطع منه دون وجه حق خلال سبعة أيام من تاريخ صدور الحكم. 2 - يكون تظلم أي من الطرفين خلال خمسة عشر يوم عمل، وإلا سقط الحق فيه، ويبدأ موعد التظلم بالنسبة إلى صاحب العمل من تاريخ اكتشاف الواقعة، وبالنسبة إلى العامل من تاريخ إبلاغ صاحب العمل له بذلك.,"المادة التاسعة والثلاثون : تم تعديل هذه المادة بموجب المرسوم الملكي رقم ( م / 24 ) وتاريخ 12 / 5 / 1434 هـ ، لتصبح بالنص الآتى ""المادة التاسعة والثلاثون 1 ) لا يجوز - بغير اتباع القواعد والاجراءات النظامية المقررة – أن يترك صاحب العمل عامله يعمل لدى الغير، ولا يجوز للعامل أن يعمل لدى صاحب عمل آخر، كما لا يجوز لصاحب العمل توظيف عامل غيره، وتتولى وزارة العمل التفتيش على المنشآت، والتحقيق في المخالفات التي يتم ضبطها من قبل مفتشيها، ومن ثم إحالتها إلى وزارة الداخلية لتطبيق العقوبات المقررة بشأنها. 2 ) لا يجوز لصاحب العمل أن يترك عامله يعمل لحسابه الخاص، كما لا يجوز للعامل أن يعمل لحسابه الخاص، وتتولى وزارة الداخلية ضبط وإيقاف وترحيل وإيقاع العقوبات على المخالفين من العاملين لحسابهم الخاص (العمالة السائبة) في الشوارع والميادين والمتغيبين عن العمل (الهاربين) وكذلك أصحاب العمل والمشغلين لهؤلاء والمتسترين عليهم والناقلين لهم وكل من له دور في المخالفة وتطبيق العقوبات المقررة بحقهم "".",المادة الثامنة عشرة بعد المائة : لا يجوز للعامل أثناء تمتعه بأي من إجازاته المنصوص عليها في هذا الفصل أن يعمل لدى صاحب عمل آخر، فإذا أثبت صاحب العمل أن العامل قد خالف ذلك فله أن يحرمه من أجره عن مدة الإجازة أو يسترد ما سبق أن أداه إليه من ذلك الأجر.
ماذا يجب توفيره في نقاط الإنقاذ بالمناجم؟,المادة الثانية والتسعون بعد المائة : على صاحب العمل إنشاء نقطة إنقاذ قريبة من مكان العمل مجهزة بأدوات الإنقاذ والإسعافات الضرورية، وأن يكون بهذه النقطة وسيلة اتصال مناسبة، بحيث تصلح للاستعانة بها في الحال، وعليه تعيين عامل فني مدرب للإشراف على عمليات الإنقاذ والإسعافات الأولية.,المادة الثالثة والتسعون بعد المائة : مع عدم الإخلال بحكم المادة الثانية والأربعين بعد المائة من هذا النظام على صاحب العمل أن يعد في كل منجم أو محجر يشتغل فيه خمسون عاملًا على الأقل مكانًا مناسبًا يحتوي على غرفة مجهزة بوسائل الإنقاذ والإسعافات الأولية، وأخرى للتمريض، فضلًا عن غرفة أو أكثر لتغيير الملابس. أما في المناجم والمحاجر التي يقل عدد العمال في كل منها عن خمسين عاملًا وتقع في دائرة قطرها عشرون كيلو مترًا فيجوز لصاحب العمل أن يشترك في إنشاء مكان للإنقاذ والإسعاف في مكان وسط، أو ينشئ مكانًا للإنقاذ والإسعاف مستقلًّا. وللوزير تحديد وسائل الإنقاذ والإسعاف وتدابير الوقاية والحماية في المناجم والمحاجر، وكذلك مسؤوليات أصحاب العمل وحقوق العمال وواجباتهم.,المادة السابعة عشرة : على صاحب العمل أن يحتفظ في مكان العمل بالسجلات والكشوف والملفات التي تحدد ماهيتها، والبيانات التي يجب أن تتضمنها اللائحة. وعليه أن يضع في مكان ظاهر بموقع العمل جدولًا بمواعيد العمل، وفترات الراحة، ويوم الراحة الأسبوعي، ومواعيد بدء كل نوبة وانتهائها في حالة العمل بأسلوب المناوبة.
ما هي إجازة العدة للمرأة العاملة المتوفى عنها زوجها؟,"المادة الستون بعد المائة : تم تعديل هذه المادة بموجب المرسوم الملكي رقم ( م/ 46) وتاريخ 5 / 6 / 1436 هـ ؛ لتكون بالنص الآتي ""1 - للمرأة العاملة المسلمة التي يتوفى زوجها الحق في إجازة عدة بأجر كامل لمدة لا تقل عن أربعة أشهر وعشرة أيام من تاريخ الوفاة، ولها الحق في تمديد هذه الإجازة دون أجر إن كانت حاملاً - خلال هذه الفترة - حتى تضع حملها، ولا يجوز لها الاستفادة من باقي إجازة العدة الممنوحة لها – بموجب هذا النظام – بعد وضع حملها. 2 - للمرأة العاملة غير المسلمة التي يتوفى زوجها الحق في إجازة بأجر كامل لمدة خمسة عشر يوماً. وفي جميع الأحوال لا يجوز للعاملة المتوفى عنها زوجها ممارسة أي عمل لدى الغير خلال هذه المدة. ويحق لصاحب العمل أن يطلب الوثائق المؤيدة للحالات المشار إليها"".","المادة الثانية والخمسون بعد المائة : تم تعديل أحكام المادتين (الحادية والخمسين بعد المائة) و(الثانية والخمسين بعد المائة)؛ وإعادة صياغتهما بعد تعديل أحكامهما لتكون في مادة واحدة بموجب المرسوم الملكي رقم ( م/ 46) وتاريخ 5 / 6 / 1436 هـ ؛ بالنص الآتي ""المادة الحادية والخمسون بعد المائة 1 - للمرأة العاملة الحق في إجازة وضع بأجر كامل لمدة عشرة أسابيع توزعها كيف تشاء؛ تبدأ بحدٍّ أقصى بأربعة أسابيع قبل التاريخ المرجح للوضع، ويحدد التاريخ المرجح للوضع بموجب شهادة طبية مصدقة من جهة صحية. 2 - يحظر تشغيل المرأة بعد الوضع بأي حال من الأحوال خلال الستة أسابيع التالية له، ولها الحق في تمديد الإجازة مدة شهر دون أجر. 3 - للمرأة العاملة - في حالة إنجاب طفل مريض أو من ذوي الاحتياجات الخاصة وتتطلب حالته الصحية مرافقاً مستمراً له - الحق في إجازة مدتها شهر بأجر كامل تبدأ بعد انتهاء مدة إجازة الوضع، ولها الحق في تمديد الإجازة لمدة شهر دون أجر"".","المادة الحادية والخمسون بعد المائة : تم تعديل أحكام المادتين (الحادية والخمسين بعد المائة) و(الثانية والخمسين بعد المائة)؛ وإعادة صياغتهما بعد تعديل أحكامهما لتكون في مادة واحدة بموجب المرسوم الملكي رقم ( م/ 46) وتاريخ 5 / 6 / 1436 هـ ؛ بالنص الآتي ""المادة الحادية والخمسون بعد المائة 1 - للمرأة العاملة الحق في إجازة وضع بأجر كامل لمدة عشرة أسابيع توزعها كيف تشاء؛ تبدأ بحدٍّ أقصى بأربعة أسابيع قبل التاريخ المرجح للوضع، ويحدد التاريخ المرجح للوضع بموجب شهادة طبية مصدقة من جهة صحية. 2 - يحظر تشغيل المرأة بعد الوضع بأي حال من الأحوال خلال الستة أسابيع التالية له، ولها الحق في تمديد الإجازة مدة شهر دون أجر. 3 - للمرأة العاملة - في حالة إنجاب طفل مريض أو من ذوي الاحتياجات الخاصة وتتطلب حالته الصحية مرافقاً مستمراً له - الحق في إجازة مدتها شهر بأجر كامل تبدأ بعد انتهاء مدة إجازة الوضع، ولها الحق في تمديد الإجازة لمدة شهر دون أجر""."
ما هي شروط صحة شرط عدم المنافسة؟,المادة السابعة والأربعون بعد المائة: يلزم صاحب العمل الذي يؤدي عملًا في الأماكن البعيدة عن العمران، وفي المناجم والمحاجر ومراكز التنقيب عن النفط بتوفير المساكن والمخيمات والوجبات الغذائية للعمال. ويحدد الوزير بقرار منه شروط المساكن والمخيمات ومواصفاتها ومقابل الانتفاع بالمساكن، وكذلك عدد الوجبات الغذائية وكميات الطعام وأنواعه والشروط اللازمة لها، وما يتحمله العامل مقابل الوجبة، وغير ذلك مما يلزم للمحافظة على صحة العمال.,المادة الثامنة : يبطل كل شرط يخالف أحكام هذا النظام، ويبطل كل إبراء أو مصالحة عن الحقوق الناشئة للعامل بموجب هذا النظام أثناء سريان عقد العمل، ما لم يكن أكثر فائدة للعامل.,"المادة الثالثة والأربعون : تم تعديل هذه المادة بموجب المرسوم الملكي رقم ( م/ 46) وتاريخ 5 / 6 / 1436 هـ ؛ لتكون بالنص الآتي ""مع عدم الإخلال بما تنص عليه اتفاقيات الامتياز وغيرها من الاتفاقيات من شروط وقواعد خاصة بالتدريب والتأهيل؛ على كل صاحب عمل يشغّل خمسين عاملاً فأكثر أن يؤهل أو يدرب على أعماله من عماله السعوديين ما لا يقل عن (12%) من مجموع عماله سنوياً، ويدخل ضمن هذه النسبة العمال السعوديون الذين يكملون دراساتهم إذا كان صاحب العمل يتحمل تكاليف الدراسة. وللوزير أن يرفع هذه النسبة في بعض المنشآت التي يحددها بقرار منه""."
إذا انتهى عقد البحار والسفينة في عرض البحر، متى ينتهي فعلياً؟,المادة الرابعة والثمانون بعد المائة : يلتزم المجهز بترحيل البحار إلى بلده في الحالات الآتية 1 - إذا ألغي السفر بفعل مجهز السفينة بعد قيام السفينة. 2 - إذا ألغي السفر بعد إبحار السفينة، بسبب منع التجارة مع الجهة التي عينت لسفرها. 3 - إذا أخرج البحار من السفينة بسبب إصابته بمرض، أو جرح، أو عاهة. 4 - إذا بيعت السفينة في بلد أجنبي. 5 - إذا عزل البحار من الخدمة أثناء السفر من غير مسوغ نظامي. 6 - إذا انتهى العقد المبرم مع البحار في ميناء غير الميناء الذي نص عليه العقد.,المادة الرابعة والسبعون بعد المائة : تدفع جميع استحقاقات البحار بالعملة الرسمية ، ويجوز أداؤها بالعملة الأجنبية إذا استحقت والسفينة خارج المياه الإقليمية وقبل البحار ذلك. وللبحار أن يطلب من صاحب العمل صرف ما يستحقه من أجره النقدي لمن يعينه.,المادة الحادية والسبعون بعد المائة : يجب أن ينص في عقد العمل البحري على تاريخ إبرامه ومكانه، واسم المجهز، واسم البحار ولقبه وسنه وجنسيته وموطنه، ونوع العمل المكلف به، وكيفية أدائه، والشهادة التي تتيح له العمل في الملاحة البحرية، والتذكرة الشخصية البحرية، ومقدار الأجر، ومدة العقد، أما إذا كان العقد لسفرة واحدة فيجب تحديد المدينة أو المرفأ البحري الذي تنتهي عنده الرحلة، وفي أي مرحلة من مراحل تفريغ السفينة أو تحميلها في هذا المرفأ ينتهي العمل، وغير ذلك من تفاصيل العقد. ويكون العقد من ثلاث نسخ نسخة لمجهز السفينة، ونسخة للربان للاحتفاظ بها على ظهر السفينة، ونسخة للبحار.
كيف يتم حساب ساعات العمل الإضافية؟,المادة المائة : يجوز لصاحب العمل- بموافقة الوزارة- في المنشآت التي تقتضي طبيعة العمل فيها أداء العمل بالتناوب زيادة ساعات العمل على ثماني ساعات عمل في اليوم أو ثمان وأربعين ساعة في الأسبوع، بشرط ألا يزيد متوسط ساعات العمل عند احتسابه لمدة ثلاثة أسابيع أو أقل على ثماني ساعات يوميًّا أو ثمان وأربعين ساعة أسبوعيًّا.,المادة الرابعة والستون بعد المائة : لا يجوز تشغيل الأحداث تشغيلًا فعليًّا أكثر من ست ساعات في اليوم الواحد لسائر شهور السنة، عدا شهر رمضان، فيجب ألا تزيد ساعات العمل الفعلية فيه على أربع ساعات. وتنظم ساعات العمل بحيث لا يعمل الحدث أكثر من أربع ساعات متصلة دون فترة أو أكثر للراحة والطعام والصلاة، لا تقل في المرة الواحدة عن نصف ساعة، وبحيث لا يبقى في مكان العمل أكثر من سبع ساعات. ولا يجوز تشغيل الأحداث في أيام الراحة الأسبوعية أو في أيام الأعياد والعطلات الرسمية والإجازة السنوية. ولا تسري عليهم الاستثناءات التي نصت عليها المادة السادسة بعد المائة من هذا النظام.,المادة الثامنة والتسعون : لا يجوز تشغيل العامل تشغيلًا فعليًّا أكثر من ثماني ساعات في اليوم الواحد، إذا اعتمد صاحب العمل المعيار اليومي، أو أكثر من ثمان وأربعين ساعة في الأسبوع، إذا اعتمد المعيار الأسبوعي. وتخفض ساعات العمل الفعلية خلال شهر رمضان للمسلمين، بحيث لا تزيد على ست ساعات في اليوم، أو ست وثلاثين ساعة في الأسبوع.
هل تحسب الإجازة بدون راتب في مكافأة نهاية الخدمة؟,المادة السادسة والثمانون : استثناء من حكم المادة (الثامنة) من هذا النظام، يجوز الاتفاق على ألا تحسب في الأجر الذي تسوى على أساسه مكافأة نهاية الخدمة جميع مبالغ العمولات أو بعضها والنسب المئوية عن ثمن المبيعات وما أشبه ذلك من عناصر الأجر الذي يدفع إلى العامل وتكون قابلة بطبيعتها للزيادة والنقص.,المادة الرابعة والثمانون : إذا انتهت علاقة العمل وجب على صاحب العمل أن يدفع إلى العامل مكافأة عن مدة خدمته تحسب على أساس أجر نصف شهر عن كل سنة من السنوات الخمس الأولى، وأجر شهر عن كل سنة من السنوات التالية، ويتخذ الأجر الأخير أساسًا لحساب المكافأة، ويستحق العامل مكافأة عن أجزاء السنة بنسبة ما قضاه منها في العمل.,المادة العاشرة بعد المائة : 1- للعامل بموافقة صاحب العمل أن يؤجل إجازته السنوية أو أيامًا منها إلى السنة التالية. 2 - لصاحب العمل حق تأجيل إجازة العامل بعد نهاية سنة استحقاقها إذا اقتضت ظروف العمل ذلك لمدة لا تزيد على تسعين يومًا، فإذا اقتضت ظروف العمل استمرار التأجيل وجب الحصول على موافقة العامل كتابة، على ألا يتعدى التأجيل نهاية السنة التالية لسنة استحقاق الإجازة.
ماذا لو أنهى أحد الطرفين العقد دون مراعاة مهلة الإشعار؟,"المادة السادسة والسبعون : تم تعديل هذه المادة بموجب المرسوم الملكي رقم ( م/ 46) وتاريخ 5 / 6 / 1436 هـ ؛ لتكون بالنص الآتي ""إذا لم يراع الطرف الذي أنهى العقد غير المحدد المدة المهلة المحدد للإشعار وفقاً للمادة (الخامسة والسبعين) من هذا النظام، فإنه يلتزم بأن يدفع للطرف الآخر عن مهلة الإشعار مبلغاً مساوياً لأجر العامل عن المهلة نفسها، ما لم يتفق الطرفان على أكثر من ذلك"".",المادة الحادية والثمانون : يحق للعامل أن يترك العمل دون إشعار مع احتفاظه بحقوقه النظامية كلها، وذلك في أي من الحالات الآتية 1 - إذا لم يقم صاحب العمل بالوفاء بالتزاماته العقدية أو النظامية الجوهرية إزاء العامل. 2 - إذا ثبت أن صاحب العمل أو من يمثله قد أدخل عليه الغش وقت التعاقد فيما يتعلق بشروط العمل وظروفه. 3 - إذا كلفه صاحب العمل دون رضاه بعمل يختلف جوهريًّا عن العمل المتفق عليه، وخلافًا لما تقرره المادة الستون من هذا النظام. 4 - إذا وقع من صاحب العمل أو من أحد أفراد أسرته أو من المدير المسؤول اعتداء يتسم بالعنف، أو سلوك مخل بالآداب نحو العامل أو أحد أفراد أسرته. 5 - إذا اتسمت معاملة صاحب العمل أو المدير المسؤول بمظاهر من القسوة والجور أو الإهانة. 6 - إذا كان في مقر العمل خطر جسيم يهدد سلامة العامل أو صحته، بشرط أن يكون صاحب العمل قد علم بوجوده، ولم يتخذ من الإجراءات ما يدل على إزالته. 7 - إذا كان صاحب العمل أو من يمثله قد دفع العامل بتصرفاته وعلى الأخص بمعاملته الجائرة أو بمخالفته شروط العقد إلى أن يكون العامل في الظاهر هو الذي أنهى العقد.,"المادة السابعة والسبعون : تم تعديل هذه المادة بموجب المرسوم الملكي رقم ( م/ 46) وتاريخ 5 / 6 / 1436 هـ ؛ لتكون بالنص الآتي ""ما لم يتضمن العقد تعويضاً محدداً مقابل إنهائه من أحد الطرفين لسبب غير مشروع، يستحق الطرف المتضرر من إنهاء العقد تعويضاً على النحو الآتي 1 - أجر خمسة عشر يوماً عن كل سنة من سنوات خدمة العامل، إذا كان العقد غير محدد المدة. 2 - أجر المدة الباقية من العقد إذا كان العقد محدد المدة. 3 - يجب ألا يقل التعويض المشار إليه في الفقرتين (1) و(2) من هذه المادة عن أجر العامل لمدة شهرين""."
على من يقع عبء إبلاغ الوزارة عن مخالفات نظام العمل؟,"المادة السادسة والتسعون بعد المائة : تم تعديل هذه المادة بموجب المرسوم الملكي رقم ( م/ 46) وتاريخ 5 / 6 / 1436 هـ ؛ لتكون بالنص الآتي "" يختص مفتشو العمل بما يأتي 1 - مراقبة تنفيذ أحكام هذا النظام واللائحة والقرارات الصادرة تنفيذاً له. 2 - تزويد أصحاب العمل والعمال بالمعلومات والإرشادات الفنية التي تمكنهم من اتباع أحسن الوسائل لتنفيذ أحكام هذا النظام. 3 - إبلاغ الجهات المختصة بأوجه النقص التي تقصر الأحكام القائمة من معالجتها، واقتراح ما يلزم لذلك. 4 - ضبط مخالفات أحكام هذا النظام واللائحة والقرارات الصادرة تنفيذاً له. 5 - التحقق من المخالفات التي تضبطها جهات حكومية مختصة أخرى وتحال إلى الوزارة. 6 - اقتراح الغرامة المناسبة وفقاً لجدول المخالفات والعقوبات"".","المادة الثالثة والثلاثون بعد المائتين: - أُضيفت هذه المادة وذلك بموجب المرسوم الملكي رقم (م/46) وتاريخ 1436/6/5هـ، لتكون بالنص الآتي "" للوزير منح مكافأة مالية لا تزيد على 25% من مبلغ الغرامة المحصلة لمن يساعد - من موظفي التفتيش أو من غيرهم - في الكشف عن أيّ من مخالفات أحكام هذا النظام ولائحته والقرارات الصادرة تنفيذاً له.""",المادة الثامنة والستون : لا يجوز تشديد الجزاء في حالة تكرار المخالفة إذا كان قد انقضى على المخالفة السابقة مائة وثمانون يومًا من تاريخ إبلاغ العامل بتوقيع الجزاء عليه عن تلك المخالفة.
كيف يمكن معرفة التعديلات الجديدة على نظام العمل؟,المادة الأولى بعد المائتين : لمفتش العمل الحق في إصدار التعليمات إلى أصحاب العمل بإدخال التعديلات على قواعد العمل في الأجهزة والمعدات لديهم في الآجال التي يحددها، وذلك لضمان مراعاة الأحكام الخاصة بصحة العمال وسلامتهم، كما له في حالة وجود خطر يهدد صحة العمال وسلامتهم أن يطلب تنفيذ ما يراه لازمًا من إجراءات لدرء هذا الخطر فورًا.,المادة الحادية والتسعون : 1- إذا تسبب عامل في فقد أو إتلاف أو تدمير آلات أو منتجات يملكها صاحب العمل أو هي في عهدته وكان ذلك ناشئًا عن خطأ العامل أو مخالفته تعليمات صاحب العمل ولم يكن نتيجة لخطأ الغير أو ناشئًا عن قوة قاهرة، فلصاحب العمل أن يقتطع من أجر العامل المبلغ اللازم للإصلاح أو لإعادة الوضع إلى ما كان عليه على ألا يزيد ما يقتطع لهذا الغرض على أجر خمسة أيام في كل شهر، ولصاحب العمل الحق في التظلم عند الاقتضاء، وذلك بطلب ما هو أكثر من ذلك إذا كان للعامل مال آخر يمكن الاستيفاء منه، وللعامل أن يتظلم مما نسب إليه أو من تقدير صاحب العمل للتعويض أمام هيئة تسوية الخلافات العمالية، فإذا حكمت بعدم أحقية صاحب العمل في الرجوع على العامل بما اقتطعه منه أو حكمت بأقل منه وجب على صاحب العمل أن يرد إلى العامل ما اقتطع منه دون وجه حق خلال سبعة أيام من تاريخ صدور الحكم. 2 - يكون تظلم أي من الطرفين خلال خمسة عشر يوم عمل، وإلا سقط الحق فيه، ويبدأ موعد التظلم بالنسبة إلى صاحب العمل من تاريخ اكتشاف الواقعة، وبالنسبة إلى العامل من تاريخ إبلاغ صاحب العمل له بذلك.,المادة الثانية والثلاثون بعد المائة : لا تسري أحكام هذا الفصل على المنشآت التي تخضع لفرع الأخطار المهنية من نظام التأمينات الاجتماعية.
هل توجد غرامة لمخالفة أحكام ذوي الإعاقة؟,"المادة الحادية والخمسون بعد المائة : تم تعديل أحكام المادتين (الحادية والخمسين بعد المائة) و(الثانية والخمسين بعد المائة)؛ وإعادة صياغتهما بعد تعديل أحكامهما لتكون في مادة واحدة بموجب المرسوم الملكي رقم ( م/ 46) وتاريخ 5 / 6 / 1436 هـ ؛ بالنص الآتي ""المادة الحادية والخمسون بعد المائة 1 - للمرأة العاملة الحق في إجازة وضع بأجر كامل لمدة عشرة أسابيع توزعها كيف تشاء؛ تبدأ بحدٍّ أقصى بأربعة أسابيع قبل التاريخ المرجح للوضع، ويحدد التاريخ المرجح للوضع بموجب شهادة طبية مصدقة من جهة صحية. 2 - يحظر تشغيل المرأة بعد الوضع بأي حال من الأحوال خلال الستة أسابيع التالية له، ولها الحق في تمديد الإجازة مدة شهر دون أجر. 3 - للمرأة العاملة - في حالة إنجاب طفل مريض أو من ذوي الاحتياجات الخاصة وتتطلب حالته الصحية مرافقاً مستمراً له - الحق في إجازة مدتها شهر بأجر كامل تبدأ بعد انتهاء مدة إجازة الوضع، ولها الحق في تمديد الإجازة لمدة شهر دون أجر"".","المادة الثانية والخمسون بعد المائة : تم تعديل أحكام المادتين (الحادية والخمسين بعد المائة) و(الثانية والخمسين بعد المائة)؛ وإعادة صياغتهما بعد تعديل أحكامهما لتكون في مادة واحدة بموجب المرسوم الملكي رقم ( م/ 46) وتاريخ 5 / 6 / 1436 هـ ؛ بالنص الآتي ""المادة الحادية والخمسون بعد المائة 1 - للمرأة العاملة الحق في إجازة وضع بأجر كامل لمدة عشرة أسابيع توزعها كيف تشاء؛ تبدأ بحدٍّ أقصى بأربعة أسابيع قبل التاريخ المرجح للوضع، ويحدد التاريخ المرجح للوضع بموجب شهادة طبية مصدقة من جهة صحية. 2 - يحظر تشغيل المرأة بعد الوضع بأي حال من الأحوال خلال الستة أسابيع التالية له، ولها الحق في تمديد الإجازة مدة شهر دون أجر. 3 - للمرأة العاملة - في حالة إنجاب طفل مريض أو من ذوي الاحتياجات الخاصة وتتطلب حالته الصحية مرافقاً مستمراً له - الحق في إجازة مدتها شهر بأجر كامل تبدأ بعد انتهاء مدة إجازة الوضع، ولها الحق في تمديد الإجازة لمدة شهر دون أجر"".",المادة الرابعة : يجب على صاحب العمل والعامل عند تطبيق أحكام هذا النظام الالتزام بمقتضيات أحكام الشريعة الإسلامية.
هل تلزم المنشأة بحضانة أطفال ضمن تجهيزات المقر؟,المادة التاسعة والخمسون بعد المائة : 1- على كل صاحب عمل يشغل خمسين عاملة فأكثر أن يهيئ مكانًا مناسبًا يتوافر فيه العدد الكافي من المربيات، لرعاية أطفال العاملات الذين تقل أعمارهم عن ست سنوات، وذلك إذا بلغ عدد الأطفال عشرة فأكثر. 2 - يجوز للوزير أن يلزم صاحب العمل الذي يستخدم مائة عاملة فأكثر في مدينة واحدة أن ينشئ دارًا للحضانة بنفسه أو بالمشاركة مع أصحاب عمل آخرين في المدينة نفسها، أو يتعاقد مع دار للحضانة قائمة لرعاية أطفال العاملات الذين تقل أعمارهم عن ست سنوات وذلك أثناء فترات العمل، وفي هذه الحالة يحدد الوزير الشروط والأوضاع التي تنظم هذه الدار، كما يقرر نسبة التكاليف التي تفرض على العاملات المستفيدات من هذه الخدمة .,المادة الثانية بعد المائة : لا تدخل الفترات المخصصة للراحة والصلاة والطعام ضمن ساعات العمل الفعلية، ولا يكون العامل خلال هذه الفترات تحت سلطة صاحب العمل، ولا يجوز لصاحب العمل أن يلزم العامل بالبقاء خلالها في مكان العمل.,"المادة الثالثة والأربعون : تم تعديل هذه المادة بموجب المرسوم الملكي رقم ( م/ 46) وتاريخ 5 / 6 / 1436 هـ ؛ لتكون بالنص الآتي ""مع عدم الإخلال بما تنص عليه اتفاقيات الامتياز وغيرها من الاتفاقيات من شروط وقواعد خاصة بالتدريب والتأهيل؛ على كل صاحب عمل يشغّل خمسين عاملاً فأكثر أن يؤهل أو يدرب على أعماله من عماله السعوديين ما لا يقل عن (12%) من مجموع عماله سنوياً، ويدخل ضمن هذه النسبة العمال السعوديون الذين يكملون دراساتهم إذا كان صاحب العمل يتحمل تكاليف الدراسة. وللوزير أن يرفع هذه النسبة في بعض المنشآت التي يحددها بقرار منه""."
هل للعامل المتقاعد حقوق خاصة؟,المادة السادسة والخمسون : في جميع الحالات التي يتجدد فيها العقد لمدة محددة، تعد المدة التي تجدد إليها العقد امتدادًا للمدة الأصلية في تحديد حقوق العامل التي تدخل مدة الخدمة في حسابها.,المادة الثانية والتسعون : لا يجوز حسم أي مبلغ من أجور العامل لقاء حقوق خاصة دون موافقة خطية منه، إلا في الحالات الآتية 1 - استرداد قروض صاحب العمل، بشرط ألا يزيد ما يحسم من العامل في هذه الحالة على 10% من أجره. 2 - اشتراكات التأمينات الاجتماعية ، وأي اشتراكات أخرى مستحقة على العامل ومقررة نظامًا. 3 - اشتراكات العامل في صندوق الادخار والقروض المستحقة للصندوق. 4 - أقساط أي مشروع يقوم به صاحب العمل لبناء المساكن بقصد تمليكها للعمال أو أي مزية أخرى. 5 - الغرامات التي توقع على العامل بسبب المخالفات التي يرتكبها، وكذلك المبلغ الذي يقتطع منه مقابل ما أتلفه. 6 - استيفاء دين إنفاذًا لأي حكم قضائي، على ألَّا يزيد ما يحسم شهريًّا لقاء ذلك على ربع الأجر المستحق للعامل ما لم يتضمن الحكم خلاف ذلك. ويستوفى دين النفقة أولًا، ثم دين المأكل والملبس والمسكن قبل الديون الأخرى.,المادة الثامنة : يبطل كل شرط يخالف أحكام هذا النظام، ويبطل كل إبراء أو مصالحة عن الحقوق الناشئة للعامل بموجب هذا النظام أثناء سريان عقد العمل، ما لم يكن أكثر فائدة للعامل.
هل يجب وجود صندوق إسعافات أولية في مكان العمل؟,المادة السابعة عشرة : على صاحب العمل أن يحتفظ في مكان العمل بالسجلات والكشوف والملفات التي تحدد ماهيتها، والبيانات التي يجب أن تتضمنها اللائحة. وعليه أن يضع في مكان ظاهر بموقع العمل جدولًا بمواعيد العمل، وفترات الراحة، ويوم الراحة الأسبوعي، ومواعيد بدء كل نوبة وانتهائها في حالة العمل بأسلوب المناوبة.,"المادة الثالثة والسبعون : تم تعديل هذه المادة بموجب المرسوم الملكي رقم ( م/ 46) وتاريخ 5 / 6 / 1436 هـ ؛ لتكون بالنص الآتي ""يجب على صاحب العمل أن يكتب الغرامات التي يوقعها على العامل في سجل خاص، مع بيان اسم العامل ومقدار أجره ومقدار الغرامة وسبب توقيعها وتاريخ ذلك. ولا يجوز التصرف في الغرامات إلا فيما يعود بالنفع على عمال المنشأة، على أن يكون التصرف بهذه الغرامات من قبل اللجنة العمالية في المنشأة، وفي حالة عدم وجود لجنة يكون التصرف في الغرامات بموافقة الوزارة"".",المادة الأولى بعد المائتين : لمفتش العمل الحق في إصدار التعليمات إلى أصحاب العمل بإدخال التعديلات على قواعد العمل في الأجهزة والمعدات لديهم في الآجال التي يحددها، وذلك لضمان مراعاة الأحكام الخاصة بصحة العمال وسلامتهم، كما له في حالة وجود خطر يهدد صحة العمال وسلامتهم أن يطلب تنفيذ ما يراه لازمًا من إجراءات لدرء هذا الخطر فورًا.
